Ator_principal,Frequencia,Porcentagem
Nicolas Cage,45,0.665680473
Robert De Niro,36,0.532544379
Bruce Willis,35,0.517751479
Clint Eastwood,33,0.48816568
Johnny Depp,32,0.473372781
Tom Hanks,32,0.473372781
Tom Cruise,31,0.458579882
Adam Sandler,30,0.443786982
Denzel Washington,28,0.414201183
John Travolta,28,0.414201183
Sylvester Stallone,28,0.414201183
Arnold Schwarzenegger,26,0.384615385
Al Pacino,25,0.369822485
Mel Gibson,25,0.369822485
Robin Williams,25,0.369822485
Mark Wahlberg,24,0.355029586
Eddie Murphy,23,0.340236686
Harrison Ford,23,0.340236686
Jim Carrey,22,0.325443787
Kevin Costner,22,0.325443787
Liam Neeson,22,0.325443787
Matthew McConaughey,22,0.325443787
Brad Pitt,21,0.310650888
John Cusack,21,0.310650888
Matt Damon,21,0.310650888
Sandra Bullock,21,0.310650888
Will Ferrell,21,0.310650888
Dwayne Johnson,20,0.295857988
George Clooney,20,0.295857988
Keanu Reeves,20,0.295857988
Nicole Kidman,20,0.295857988
Antonio Banderas,19,0.281065089
Jeff Bridges,19,0.281065089
Meryl Streep,19,0.281065089
Samuel L. Jackson,19,0.281065089
Will Smith,19,0.281065089
Jackie Chan,18,0.266272189
Michael Douglas,18,0.266272189
Steve Carell,18,0.266272189
Ben Affleck,17,0.25147929
Ben Stiller,17,0.25147929
Christian Bale,17,0.25147929
Jason Statham,17,0.25147929
Kurt Russell,17,0.25147929
Leonardo DiCaprio,17,0.25147929
Sean Connery,17,0.25147929
Ewan McGregor,16,0.236686391
Hugh Jackman,16,0.236686391
Steve Martin,16,0.236686391
Brendan Fraser,15,0.221893491
Dennis Quaid,15,0.221893491
Jake Gyllenhaal,15,0.221893491
Julia Roberts,15,0.221893491
Richard Gere,15,0.221893491
Robert Downey Jr.,15,0.221893491
Vin Diesel,15,0.221893491
Colin Farrell,14,0.207100592
Ethan Hawke,14,0.207100592
Gerard Butler,14,0.207100592
Jack Nicholson,14,0.207100592
Robert Redford,14,0.207100592
Sean Penn,14,0.207100592
Anthony Hopkins,13,0.192307692
Gene Hackman,13,0.192307692
James McAvoy,13,0.192307692
Julianne Moore,13,0.192307692
Michael Caine,13,0.192307692
Owen Wilson,13,0.192307692
Pierce Brosnan,13,0.192307692
Reese Witherspoon,13,0.192307692
Ryan Gosling,13,0.192307692
Ryan Reynolds,13,0.192307692
Woody Harrelson,13,0.192307692
Bill Murray,12,0.177514793
Burt Reynolds,12,0.177514793
Charlize Theron,12,0.177514793
Dustin Hoffman,12,0.177514793
Ice Cube,12,0.177514793
Jack Black,12,0.177514793
Jason Bateman,12,0.177514793
Jean-Claude Van Damme,12,0.177514793
Joaquin Phoenix,12,0.177514793
Kevin Bacon,12,0.177514793
Kevin Spacey,12,0.177514793
Morgan Freeman,12,0.177514793
Naomi Watts,12,0.177514793
Ralph Fiennes,12,0.177514793
Russell Crowe,12,0.177514793
Steven Seagal,12,0.177514793
Tommy Lee Jones,12,0.177514793
Billy Bob Thornton,11,0.162721893
Chevy Chase,11,0.162721893
Clive Owen,11,0.162721893
Guy Pearce,11,0.162721893
Jamie Foxx,11,0.162721893
Jennifer Lopez,11,0.162721893
Kevin Kline,11,0.162721893
Kirsten Dunst,11,0.162721893
Michael Keaton,11,0.162721893
Natalie Portman,11,0.162721893
Tyler Perry,11,0.162721893
Val Kilmer,11,0.162721893
Vince Vaughn,11,0.162721893
Woody Allen,11,0.162721893
Bradley Cooper,10,0.147928994
Cameron Diaz,10,0.147928994
Cate Blanchett,10,0.147928994
Chris Hemsworth,10,0.147928994
Daniel Craig,10,0.147928994
Drew Barrymore,10,0.147928994
James Franco,10,0.147928994
Jet Li,10,0.147928994
Joseph Gordon-Levitt,10,0.147928994
Martin Lawrence,10,0.147928994
Mike Myers,10,0.147928994
Nick Nolte,10,0.147928994
Paul Walker,10,0.147928994
Tim Allen,10,0.147928994
Aaron Eckhart,9,0.133136095
Angelina Jolie,9,0.133136095
Anna Kendrick,9,0.133136095
Gwyneth Paltrow,9,0.133136095
Helen Mirren,9,0.133136095
Jennifer Lawrence,9,0.133136095
Jim Caviezel,9,0.133136095
Josh Hartnett,9,0.133136095
Kate Beckinsale,9,0.133136095
Kristen Stewart,9,0.133136095
Matthew Broderick,9,0.133136095
Michael J. Fox,9,0.133136095
Paul Rudd,9,0.133136095
Richard Dreyfuss,9,0.133136095
Sigourney Weaver,9,0.133136095
Willem Dafoe,9,0.133136095
Anne Hathaway,8,0.118343195
Ben Kingsley,8,0.118343195
Chris Pine,8,0.118343195
Cuba Gooding Jr.,8,0.118343195
Daniel Day-Lewis,8,0.118343195
Edward Norton,8,0.118343195
Forest Whitaker,8,0.118343195
Jennifer Aniston,8,0.118343195
Jesse Eisenberg,8,0.118343195
Jodie Foster,8,0.118343195
Luke Wilson,8,0.118343195
Matt Dillon,8,0.118343195
Michael Fassbender,8,0.118343195
PenÃƒÂ©lope Cruz,8,0.118343195
RenÃƒÂ©e Zellweger,8,0.118343195
Romain Duris,8,0.118343195
Saoirse Ronan,8,0.118343195
Shia LaBeouf,8,0.118343195
Tim Robbins,8,0.118343195
Tobey Maguire,8,0.118343195
Zac Efron,8,0.118343195
Chris Evans,7,0.103550296
Dan Aykroyd,7,0.103550296
Daniel Radcliffe,7,0.103550296
David Duchovny,7,0.103550296
Emile Hirsch,7,0.103550296
Emma Roberts,7,0.103550296
Freddie Prinze Jr.,7,0.103550296
Halle Berry,7,0.103550296
Hayden Christensen,7,0.103550296
Hilary Swank,7,0.103550296
Hugh Grant,7,0.103550296
Ian McKellen,7,0.103550296
Jude Law,7,0.103550296
Juliette Binoche,7,0.103550296
Kate Winslet,7,0.103550296
Miles Teller,7,0.103550296
Milla Jovovich,7,0.103550296
Oscar Isaac,7,0.103550296
Paul Dano,7,0.103550296
Paul Newman,7,0.103550296
Roger Moore,7,0.103550296
Stephen Dorff,7,0.103550296
Steve McQueen,7,0.103550296
Tilda Swinton,7,0.103550296
Viggo Mortensen,7,0.103550296
Wesley Snipes,7,0.103550296
Will Arnett,7,0.103550296
Adrien Brody,6,0.088757396
Alec Baldwin,6,0.088757396
Amy Adams,6,0.088757396
Andrew Garfield,6,0.088757396
Anton Yelchin,6,0.088757396
Ashley Judd,6,0.088757396
Audrey Tautou,6,0.088757396
Benicio Del Toro,6,0.088757396
Casey Affleck,6,0.088757396
Channing Tatum,6,0.088757396
Charles Bronson,6,0.088757396
Chiwetel Ejiofor,6,0.088757396
Chris Rock,6,0.088757396
Colin Firth,6,0.088757396
Danny DeVito,6,0.088757396
Diane Lane,6,0.088757396
Donald Pleasence,6,0.088757396
Donnie Yen,6,0.088757396
Emilio Estevez,6,0.088757396
Emily Blunt,6,0.088757396
Gael GarcÃƒÂ­a Bernal,6,0.088757396
Glenn Close,6,0.088757396
Greg Kinnear,6,0.088757396
James Marsden,6,0.088757396
Jamie Lee Curtis,6,0.088757396
Jennifer Garner,6,0.088757396
Jeremy Irons,6,0.088757396
John Goodman,6,0.088757396
Kang-ho Song,6,0.088757396
Kristen Bell,6,0.088757396
Leslie Nielsen,6,0.088757396
Marion Cotillard,6,0.088757396
Meg Ryan,6,0.088757396
Melissa McCarthy,6,0.088757396
Mickey Rourke,6,0.088757396
Peter Sellers,6,0.088757396
Robert Duvall,6,0.088757396
Roy Scheider,6,0.088757396
Ryan Phillippe,6,0.088757396
Sam Worthington,6,0.088757396
Scarlett Johansson,6,0.088757396
Seth Rogen,6,0.088757396
Tobin Bell,6,0.088757396
Uma Thurman,6,0.088757396
Warren Beatty,6,0.088757396
William Shatner,6,0.088757396
Yun-Fat Chow,6,0.088757396
Abigail Breslin,5,0.073964497
Amanda Seyfried,5,0.073964497
Andy Garcia,5,0.073964497
Ashton Kutcher,5,0.073964497
Billy Crudup,5,0.073964497
Billy Crystal,5,0.073964497
Bruce Campbell,5,0.073964497
Chadwick Boseman,5,0.073964497
Charlie Sheen,5,0.073964497
Charlton Heston,5,0.073964497
Cher,5,0.073964497
Chris Pratt,5,0.073964497
Christian Slater,5,0.073964497
Christopher Reeve,5,0.073964497
Chuck Norris,5,0.073964497
Danny Glover,5,0.073964497
Diane Keaton,5,0.073964497
Ed Harris,5,0.073964497
Fabrice Luchini,5,0.073964497
Gabriel Byrne,5,0.073964497
Gary Oldman,5,0.073964497
Geoffrey Rush,5,0.073964497
Hank Azaria,5,0.073964497
Humphrey Bogart,5,0.073964497
Idris Elba,5,0.073964497
Jack Lemmon,5,0.073964497
James Spader,5,0.073964497
Jane Fonda,5,0.073964497
Jason Biggs,5,0.073964497
Jason Lee,5,0.073964497
Jean Reno,5,0.073964497
Jeremy Renner,5,0.073964497
Jessica Alba,5,0.073964497
Jessica Chastain,5,0.073964497
John C. Reilly,5,0.073964497
John Cleese,5,0.073964497
Jon Voight,5,0.073964497
Josh Brolin,5,0.073964497
Judi Dench,5,0.073964497
Justin Timberlake,5,0.073964497
Katie Holmes,5,0.073964497
Kevin Hart,5,0.073964497
Kevin James,5,0.073964497
Lindsay Lohan,5,0.073964497
Mandy Moore,5,0.073964497
Marlon Brando,5,0.073964497
Marlon Wayans,5,0.073964497
Michael Shannon,5,0.073964497
Michelle Pfeiffer,5,0.073964497
Michelle Williams,5,0.073964497
Nia Vardalos,5,0.073964497
Nicholas Hoult,5,0.073964497
Patrick Stewart,5,0.073964497
Patrick Swayze,5,0.073964497
Rachel McAdams,5,0.073964497
Rob Schneider,5,0.073964497
Rowan Atkinson,5,0.073964497
Sam Neill,5,0.073964497
Sarah Michelle Gellar,5,0.073964497
Stellan SkarsgÃƒÂ¥rd,5,0.073964497
Susan Sarandon,5,0.073964497
Taraji P. Henson,5,0.073964497
Tom Hardy,5,0.073964497
William H. Macy,5,0.073964497
William Hurt,5,0.073964497
Winona Ryder,5,0.073964497
Alicia Vikander,4,0.059171598
Andy Serkis,4,0.059171598
Annette Bening,4,0.059171598
Barbra Streisand,4,0.059171598
Bill Nighy,4,0.059171598
Bill Pullman,4,0.059171598
Blake Lively,4,0.059171598
Breckin Meyer,4,0.059171598
Burt Lancaster,4,0.059171598
Carey Mulligan,4,0.059171598
Catherine Deneuve,4,0.059171598
Charlie Hunnam,4,0.059171598
Christopher Lambert,4,0.059171598
Christopher Plummer,4,0.059171598
Dakota Johnson,4,0.059171598
Dane Cook,4,0.059171598
Dane DeHaan,4,0.059171598
David Arquette,4,0.059171598
David Spade,4,0.059171598
Dee Wallace,4,0.059171598
Devon Sawa,4,0.059171598
Donald Sutherland,4,0.059171598
Dong-Gun Jang,4,0.059171598
Dylan O'Brien,4,0.059171598
Elijah Wood,4,0.059171598
Elizabeth Taylor,4,0.059171598
Elle Fanning,4,0.059171598
Ellen Burstyn,4,0.059171598
Eric Bana,4,0.059171598
Evan Rachel Wood,4,0.059171598
Faye Dunaway,4,0.059171598
Freddie Highmore,4,0.059171598
GÃƒÂ©rard Depardieu,4,0.059171598
Gene Wilder,4,0.059171598
Goldie Hawn,4,0.059171598
Harvey Keitel,4,0.059171598
Heath Ledger,4,0.059171598
Henry Cavill,4,0.059171598
Hilary Duff,4,0.059171598
Holly Hunter,4,0.059171598
Isabelle Huppert,4,0.059171598
J.K. Simmons,4,0.059171598
James Stewart,4,0.059171598
James Woods,4,0.059171598
Jamie Bell,4,0.059171598
Jason Clarke,4,0.059171598
Jason Segel,4,0.059171598
Javier Bardem,4,0.059171598
Jay Baruchel,4,0.059171598
Jean Dujardin,4,0.059171598
Jeff Goldblum,4,0.059171598
Jennifer Connelly,4,0.059171598
Jennifer Jason Leigh,4,0.059171598
Jesse Metcalfe,4,0.059171598
Joey King,4,0.059171598
Jon Favreau,4,0.059171598
Jonah Hill,4,0.059171598
Karl Urban,4,0.059171598
Kate Bosworth,4,0.059171598
Kate Hudson,4,0.059171598
Kathleen Turner,4,0.059171598
Keira Knightley,4,0.059171598
Kiefer Sutherland,4,0.059171598
Kim Basinger,4,0.059171598
Kodi Smit-McPhee,4,0.059171598
Laurence Fishburne,4,0.059171598
Logan Lerman,4,0.059171598
Mads Mikkelsen,4,0.059171598
Maggie Smith,4,0.059171598
Mark Hamill,4,0.059171598
Matthew Goode,4,0.059171598
Mel Brooks,4,0.059171598
Morris Chestnut,4,0.059171598
Parker Posey,4,0.059171598
Patrick Wilson,4,0.059171598
Paul Giamatti,4,0.059171598
Peter Weller,4,0.059171598
Philip Seymour Hoffman,4,0.059171598
Piper Perabo,4,0.059171598
Rachel Weisz,4,0.059171598
Rebecca Hall,4,0.059171598
Richard Pryor,4,0.059171598
Robert Carlyle,4,0.059171598
Roberto Benigni,4,0.059171598
Ron Perlman,4,0.059171598
Sacha Baron Cohen,4,0.059171598
Sally Field,4,0.059171598
Sam Rockwell,4,0.059171598
Sarah Polley,4,0.059171598
Sean Astin,4,0.059171598
Shah Rukh Khan,4,0.059171598
Shailene Woodley,4,0.059171598
Sheri Moon Zombie,4,0.059171598
Shirley Henderson,4,0.059171598
Shirley MacLaine,4,0.059171598
Simon Pegg,4,0.059171598
Steve Coogan,4,0.059171598
Steve Zahn,4,0.059171598
Tim Roth,4,0.059171598
Tom Berenger,4,0.059171598
Toni Servillo,4,0.059171598
Trey Parker,4,0.059171598
Vincent Cassel,4,0.059171598
Vincent Gallo,4,0.059171598
Zach Braff,4,0.059171598
Aamir Khan,3,0.044378698
Aaron Taylor-Johnson,3,0.044378698
Alan Rickman,3,0.044378698
Albert Finney,3,0.044378698
Alden Ehrenreich,3,0.044378698
Alex Pettyfer,3,0.044378698
Alexis Bledel,3,0.044378698
Alicia Silverstone,3,0.044378698
Amanda Bynes,3,0.044378698
Amandla Stenberg,3,0.044378698
Amber Heard,3,0.044378698
Amy Poehler,3,0.044378698
Andy Samberg,3,0.044378698
Angela Bassett,3,0.044378698
Anna Faris,3,0.044378698
Aubrey Plaza,3,0.044378698
Audrey Hepburn,3,0.044378698
BÃƒÂ©rÃƒÂ©nice Bejo,3,0.044378698
Barbara Hershey,3,0.044378698
Benedict Cumberbatch,3,0.044378698
Benjamin Bratt,3,0.044378698
Bette Midler,3,0.044378698
Brandon Routh,3,0.044378698
Brian O'Halloran,3,0.044378698
Brie Larson,3,0.044378698
Bruce Greenwood,3,0.044378698
Bryce Dallas Howard,3,0.044378698
CÃƒÂ©cile de France,3,0.044378698
Caroline Aaron,3,0.044378698
Cary Elwes,3,0.044378698
Cary Grant,3,0.044378698
Cedric the Entertainer,3,0.044378698
ChloÃƒÂ« Grace Moretz,3,0.044378698
Chris Cooper,3,0.044378698
Chris Klein,3,0.044378698
Chris Messina,3,0.044378698
Chris O'Donnell,3,0.044378698
Christina Hendricks,3,0.044378698
Claire Danes,3,0.044378698
Craig T. Nelson,3,0.044378698
Dakota Fanning,3,0.044378698
Dan Monahan,3,0.044378698
DemiÃƒÂ¡n Bichir,3,0.044378698
Diane Kruger,3,0.044378698
Diego Luna,3,0.044378698
Dominic Cooper,3,0.044378698
Ed Helms,3,0.044378698
Eddie Redmayne,3,0.044378698
Edgar RamÃƒÂ­rez,3,0.044378698
Elisabeth Shue,3,0.044378698
Elisha Cuthbert,3,0.044378698
Elizabeth Banks,3,0.044378698
Ellen Page,3,0.044378698
Emily Watson,3,0.044378698
Emma Stone,3,0.044378698
Emma Thompson,3,0.044378698
Emma Watson,3,0.044378698
Eric Roberts,3,0.044378698
Erika Christensen,3,0.044378698
Felicity Jones,3,0.044378698
Fernanda Montenegro,3,0.044378698
FranÃƒÂ§ois Cluzet,3,0.044378698
Frank Grillo,3,0.044378698
Frank Langella,3,0.044378698
Frankie Muniz,3,0.044378698
Gary Busey,3,0.044378698
Geena Davis,3,0.044378698
Georgie Henley,3,0.044378698
Helen Hunt,3,0.044378698
Jacob Tremblay,3,0.044378698
Jake T. Austin,3,0.044378698
Jamel Debbouze,3,0.044378698
James Caan,3,0.044378698
James Van Der Beek,3,0.044378698
Janet McTeer,3,0.044378698
Jared Leto,3,0.044378698
Jason Momoa,3,0.044378698
Jason Schwartzman,3,0.044378698
Jeffrey Wright,3,0.044378698
Jennifer Love Hewitt,3,0.044378698
Jeremy Davies,3,0.044378698
Jeremy Irvine,3,0.044378698
Jesse Bradford,3,0.044378698
Jessica Biel,3,0.044378698
Jim Cummings,3,0.044378698
Jim Sturgess,3,0.044378698
Jim Varney,3,0.044378698
John Cena,3,0.044378698
John Cho,3,0.044378698
John Krasinski,3,0.044378698
Johnny Knoxville,3,0.044378698
Joseph Fiennes,3,0.044378698
Josh Lucas,3,0.044378698
Julia Stiles,3,0.044378698
Julie Andrews,3,0.044378698
Justin Long,3,0.044378698
Katherine Heigl,3,0.044378698
Kenneth Branagh,3,0.044378698
Keri Russell,3,0.044378698
Kirk Douglas,3,0.044378698
Kris Kristofferson,3,0.044378698
Larry the Cable Guy,3,0.044378698
Laura Linney,3,0.044378698
Liev Schreiber,3,0.044378698
Lou Diamond Phillips,3,0.044378698
Maggie Gyllenhaal,3,0.044378698
Malcolm McDowell,3,0.044378698
Mark Duplass,3,0.044378698
Mark Ruffalo,3,0.044378698
Mary Elizabeth Winstead,3,0.044378698
Mathieu Amalric,3,0.044378698
Matthew Modine,3,0.044378698
Matthew Perry,3,0.044378698
Matthias Schoenaerts,3,0.044378698
Megan Fox,3,0.044378698
Melanie Griffith,3,0.044378698
Michael Angarano,3,0.044378698
Michael B. Jordan,3,0.044378698
Michael Cera,3,0.044378698
Michael Nyqvist,3,0.044378698
Michael Pitt,3,0.044378698
Michelle Monaghan,3,0.044378698
Mila Kunis,3,0.044378698
Molly Ringwald,3,0.044378698
Nat Wolff,3,0.044378698
Nathan Lane,3,0.044378698
Nicholas D'Agosto,3,0.044378698
Patton Oswalt,3,0.044378698
Paul Bettany,3,0.044378698
Paul Hogan,3,0.044378698
Peter O'Toole,3,0.044378698
Phoebe Cates,3,0.044378698
Queen Latifah,3,0.044378698
Rob Lowe,3,0.044378698
Robert Englund,3,0.044378698
Robert Pattinson,3,0.044378698
Rod Taylor,3,0.044378698
Roddy McDowall,3,0.044378698
Sally Hawkins,3,0.044378698
Sam Riley,3,0.044378698
Sarah Jessica Parker,3,0.044378698
Seann William Scott,3,0.044378698
Sharlto Copley,3,0.044378698
Sharon Stone,3,0.044378698
Shelley Long,3,0.044378698
Sissy Spacek,3,0.044378698
Spencer Tracy,3,0.044378698
Stanley Tucci,3,0.044378698
Steve Buscemi,3,0.044378698
Steve Guttenberg,3,0.044378698
Tahar Rahim,3,0.044378698
Taron Egerton,3,0.044378698
Taye Diggs,3,0.044378698
Taylor Lautner,3,0.044378698
Terrence Howard,3,0.044378698
Thomas Jane,3,0.044378698
Timothy Hutton,3,0.044378698
Timothy Spall,3,0.044378698
Tom Arnold,3,0.044378698
Tom Everett Scott,3,0.044378698
Tom Holland,3,0.044378698
Tony Chiu-Wai Leung,3,0.044378698
Vivica A. Fox,3,0.044378698
Whoopi Goldberg,3,0.044378698
William Holden,3,0.044378698
Zachary Gordon,3,0.044378698
Zoey Deutch,3,0.044378698
Aaron Pedersen,2,0.029585799
Abbie Cornish,2,0.029585799
Adam Bakri,2,0.029585799
Adewale Akinnuoye-Agbaje,2,0.029585799
Adrian Paul,2,0.029585799
Adrienne Barbeau,2,0.029585799
Aimee Teegarden,2,0.029585799
Alain Moussi,2,0.029585799
Albert Brooks,2,0.029585799
Alessandro Nivola,2,0.029585799
Alexa PenaVega,2,0.029585799
Alfre Woodard,2,0.029585799
Alfred Molina,2,0.029585799
Alice Lowe,2,0.029585799
Amanda Peet,2,0.029585799
Amber Tamblyn,2,0.029585799
Amitabh Bachchan,2,0.029585799
Amy Schumer,2,0.029585799
Andie MacDowell,2,0.029585799
AndrÃƒÂ© Benjamin,2,0.029585799
Anjelica Huston,2,0.029585799
Anna Paquin,2,0.029585799
AnnaSophia Robb,2,0.029585799
Anne Bancroft,2,0.029585799
Ansel Elgort,2,0.029585799
Anthony Mackie,2,0.029585799
Anthony Michael Hall,2,0.029585799
Anthony Perkins,2,0.029585799
Asa Butterfield,2,0.029585799
Ashley Hinshaw,2,0.029585799
Asia Argento,2,0.029585799
Barbara Sarafian,2,0.029585799
Barry Watson,2,0.029585799
Bernie Mac,2,0.029585799
Bill Bailey,2,0.029585799
Bill Hader,2,0.029585799
Bill Paxton,2,0.029585799
Bob Hoskins,2,0.029585799
Bob Newhart,2,0.029585799
Boris Kodjoe,2,0.029585799
Brian Cox,2,0.029585799
Brian Geraghty,2,0.029585799
Britt Robertson,2,0.029585799
Brittany Murphy,2,0.029585799
Bruce Allpress,2,0.029585799
Bryan Brown,2,0.029585799
Bryan Cranston,2,0.029585799
Camilla Belle,2,0.029585799
Carlo Cecchi,2,0.029585799
Carlos Alazraqui,2,0.029585799
Carol Kane,2,0.029585799
Casper Van Dien,2,0.029585799
Catherine O'Hara,2,0.029585799
Charlotte Gainsbourg,2,0.029585799
Charlotte Rampling,2,0.029585799
Chazz Palminteri,2,0.029585799
Chiara Mastroianni,2,0.029585799
Chris Eigeman,2,0.029585799
Christina Ricci,2,0.029585799
Christopher Gorham,2,0.029585799
Christopher Lloyd,2,0.029585799
Christopher Walken,2,0.029585799
Cole Hauser,2,0.029585799
Colin Hanks,2,0.029585799
Colm Meaney,2,0.029585799
Connie Nielsen,2,0.029585799
Constance Wu,2,0.029585799
Corey Haim,2,0.029585799
Craig Sheffer,2,0.029585799
Crispin Glover,2,0.029585799
Cyril Raffaelli,2,0.029585799
Damon Wayans,2,0.029585799
Dan Futterman,2,0.029585799
Daniel BrÃƒÂ¼hl,2,0.029585799
Danielle Panabaker,2,0.029585799
Danny Aiello,2,0.029585799
Danny Trejo,2,0.029585799
Dany Boon,2,0.029585799
Dave Bautista,2,0.029585799
David Oyelowo,2,0.029585799
David Strathairn,2,0.029585799
Demi Moore,2,0.029585799
Derek Jacobi,2,0.029585799
Derek Luke,2,0.029585799
Desmond Harrington,2,0.029585799
Dev Patel,2,0.029585799
Dolph Lundgren,2,0.029585799
Domhnall Gleeson,2,0.029585799
Don Ameche,2,0.029585799
Dragos Bucur,2,0.029585799
Drake Bell,2,0.029585799
Dudley Moore,2,0.029585799
Ed Skrein,2,0.029585799
Ed Speleers,2,0.029585799
Eddie Griffin,2,0.029585799
Edward Burns,2,0.029585799
Edward Furlong,2,0.029585799
Elias Koteas,2,0.029585799
Elizabeth Daily,2,0.029585799
Emily Browning,2,0.029585799
Emily Mortimer,2,0.029585799
Eugene Hutz,2,0.029585799
Eugenio Derbez,2,0.029585799
Eva Green,2,0.029585799
F. Murray Abraham,2,0.029585799
Fabrizio Bentivoglio,2,0.029585799
Florence Pugh,2,0.029585799
Gabrielle Union,2,0.029585799
Gary Sinise,2,0.029585799
Gene Kelly,2,0.029585799
George C. Scott,2,0.029585799
Gina Carano,2,0.029585799
Gina Rodriguez,2,0.029585799
Ginnifer Goodwin,2,0.029585799
Giovanna Mezzogiorno,2,0.029585799
Graham Chapman,2,0.029585799
Gregory Peck,2,0.029585799
Grigoriy Dobrygin,2,0.029585799
Guillaume Canet,2,0.029585799
Hailee Steinfeld,2,0.029585799
Haley Joel Osment,2,0.029585799
Harry Connick Jr.,2,0.029585799
Harry Dean Stanton,2,0.029585799
Heather Graham,2,0.029585799
Helena Bonham Carter,2,0.029585799
Hiroyuki Sanada,2,0.029585799
Hrithik Roshan,2,0.029585799
Ian Hart,2,0.029585799
Iko Uwais,2,0.029585799
Imelda Staunton,2,0.029585799
Ioan Gruffudd,2,0.029585799
Irrfan Khan,2,0.029585799
Jaden Smith,2,0.029585799
Jaime King,2,0.029585799
James Corden,2,0.029585799
James Le Gros,2,0.029585799
James Nesbitt,2,0.029585799
James Purefoy,2,0.029585799
Jamie Kennedy,2,0.029585799
Jason Sudeikis,2,0.029585799
Jean-Claude Donda,2,0.029585799
Jean-Louis Trintignant,2,0.029585799
Jeff Daniels,2,0.029585799
Jeffrey Dean Morgan,2,0.029585799
Jena Malone,2,0.029585799
Jennifer Tilly,2,0.029585799
Jeremy Piven,2,0.029585799
Jerry O'Connell,2,0.029585799
Jessica Rothe,2,0.029585799
Jing Wu,2,0.029585799
Joe Pesci,2,0.029585799
Joel Edgerton,2,0.029585799
John Candy,2,0.029585799
John Hawkes,2,0.029585799
John Hurt,2,0.029585799
John Jarratt,2,0.029585799
John Kassir,2,0.029585799
John Leguizamo,2,0.029585799
John Lithgow,2,0.029585799
John Malkovich,2,0.029585799
John Ritter,2,0.029585799
John Savage,2,0.029585799
John Turturro,2,0.029585799
Jon Foster,2,0.029585799
Jon Hamm,2,0.029585799
Jonathan Rhys Meyers,2,0.029585799
Jordan Ladd,2,0.029585799
Jordana Brewster,2,0.029585799
Josh Charles,2,0.029585799
Josh Duhamel,2,0.029585799
Josh Gad,2,0.029585799
Joshua Jackson,2,0.029585799
Joshua Leonard,2,0.029585799
Judy Garland,2,0.029585799
Julianne Hough,2,0.029585799
Jung-woo Ha,2,0.029585799
Justin Chatwin,2,0.029585799
Justin Chon,2,0.029585799
Kal Penn,2,0.029585799
Katie Featherston,2,0.029585799
Kaya Scodelario,2,0.029585799
Keisha Castle-Hughes,2,0.029585799
Keith David,2,0.029585799
Kellan Lutz,2,0.029585799
Ken Watanabe,2,0.029585799
Kieu Chinh,2,0.029585799
Kimberly Elise,2,0.029585799
Kirk Cameron,2,0.029585799
Konstantin Khabenskiy,2,0.029585799
Kristen Wiig,2,0.029585799
Kristin Scott Thomas,2,0.029585799
Kseniya Rappoport,2,0.029585799
Kyle MacLachlan,2,0.029585799
Lauren Cohan,2,0.029585799
Lauren German,2,0.029585799
Lee Marvin,2,0.029585799
Leelee Sobieski,2,0.029585799
Liam Hemsworth,2,0.029585799
Lola DueÃƒÂ±as,2,0.029585799
Louis Garrel,2,0.029585799
Lucas Till,2,0.029585799
Lucy Hale,2,0.029585799
Lukas Haas,2,0.029585799
Luke Evans,2,0.029585799
Macaulay Culkin,2,0.029585799
Madonna,2,0.029585799
Manuela Velasco,2,0.029585799
Margherita Buy,2,0.029585799
Mark Rylance,2,0.029585799
Mark Strong,2,0.029585799
Mark Webber,2,0.029585799
Martin Compston,2,0.029585799
Martina Gedeck,2,0.029585799
Matt Lanter,2,0.029585799
Matt LeBlanc,2,0.029585799
Matthew Macfadyen,2,0.029585799
Max Records,2,0.029585799
Melissa Leo,2,0.029585799
Mia Stallard,2,0.029585799
Mia Wasikowska,2,0.029585799
Michael Dudikoff,2,0.029585799
Michael Ealy,2,0.029585799
Michael Gambon,2,0.029585799
Michael Jai White,2,0.029585799
Michael ParÃƒÂ©,2,0.029585799
Michael Stuhlbarg,2,0.029585799
Michelle Rodriguez,2,0.029585799
Miguel Ferrer,2,0.029585799
Miley Cyrus,2,0.029585799
Min-hee Kim,2,0.029585799
Minnie Driver,2,0.029585799
Mira Sorvino,2,0.029585799
Molly Shannon,2,0.029585799
Naseeruddin Shah,2,0.029585799
Natasha Lyonne,2,0.029585799
Nick Cannon,2,0.029585799
Nigel Terry,2,0.029585799
Norman Reedus,2,0.029585799
Ohad Knoller,2,0.029585799
Olivia Cooke,2,0.029585799
Omar Epps,2,0.029585799
Orlando Bloom,2,0.029585799
Pat Healy,2,0.029585799
Patricia Clarkson,2,0.029585799
Patrick Dempsey,2,0.029585799
Paz de la Huerta,2,0.029585799
Penelope Allen,2,0.029585799
Penelope Ann Miller,2,0.029585799
Peter Capaldi,2,0.029585799
Peter Facinelli,2,0.029585799
Peter Fonda,2,0.029585799
Phil Harris,2,0.029585799
Phil Vischer,2,0.029585799
Philip Baker Hall,2,0.029585799
Pilar LÃƒÂ³pez de Ayala,2,0.029585799
Rachael Leigh Cook,2,0.029585799
Rachel Roberts,2,0.029585799
Radha Mitchell,2,0.029585799
Rainn Wilson,2,0.029585799
Ray Liotta,2,0.029585799
Ray Romano,2,0.029585799
Ray Stevenson,2,0.029585799
Regina CasÃƒÂ©,2,0.029585799
Regina Hall,2,0.029585799
Ricardo DarÃƒÂ­n,2,0.029585799
Richard Burton,2,0.029585799
Rick Moranis,2,0.029585799
Ricky Gervais,2,0.029585799
Rob Corddry,2,0.029585799
Robbie Kay,2,0.029585799
Robert John Burke,2,0.029585799
Robert Patrick,2,0.029585799
Robin Wright,2,0.029585799
Ron Livingston,2,0.029585799
Rooney Mara,2,0.029585799
Rory Culkin,2,0.029585799
Russell Brand,2,0.029585799
Rutger Hauer,2,0.029585799
Salma Hayek,2,0.029585799
Salman Khan,2,0.029585799
Sam Claflin,2,0.029585799
Sanaa Lathan,2,0.029585799
Sara Paxton,2,0.029585799
Sarah Drew,2,0.029585799
Scoot McNairy,2,0.029585799
Scott Mechlowicz,2,0.029585799
Sean Bean,2,0.029585799
Seth Green,2,0.029585799
Shad Moss,2,0.029585799
Sophie NÃƒÂ©lisse,2,0.029585799
Stephen Chow,2,0.029585799
Stephen Lang,2,0.029585799
Steven Strait,2,0.029585799
Tadanobu Asano,2,0.029585799
Tatsuya Nakadai,2,0.029585799
Taylor Kitsch,2,0.029585799
Taylor Schilling,2,0.029585799
Teodor Corban,2,0.029585799
Terence Stamp,2,0.029585799
The Beatles,2,0.029585799
Thomas Ian Nicholas,2,0.029585799
Thomas Mann,2,0.029585799
Tim Curry,2,0.029585799
Timothy Bottoms,2,0.029585799
Timothy Dalton,2,0.029585799
Timothy Olyphant,2,0.029585799
Tina Fey,2,0.029585799
Toby Stephens,2,0.029585799
Todd Allen,2,0.029585799
Tom Atkins,2,0.029585799
Tom Hiddleston,2,0.029585799
Tom Selleck,2,0.029585799
Tom Skerritt,2,0.029585799
Tom Wilkinson,2,0.029585799
Tomer Sisley,2,0.029585799
Tommy Flanagan,2,0.029585799
Travis Fimmel,2,0.029585799
Tye Sheridan,2,0.029585799
Ulrich Thomsen,2,0.029585799
Vera Farmiga,2,0.029585799
Victor Wong,2,0.029585799
Vincent Lindon,2,0.029585799
Wagner Moura,2,0.029585799
Wenzhuo Zhao,2,0.029585799
Wes Bentley,2,0.029585799
William Petersen,2,0.029585799
Zach Galifianakis,2,0.029585799
Zachary Levi,2,0.029585799
Zack Ward,2,0.029585799
Zoe Kazan,2,0.029585799
'Weird Al' Yankovic,1,0.014792899
50 Cent,1,0.014792899
A. Michael Baldwin,1,0.014792899
A. Russell Andrews,1,0.014792899
AÃƒÂ¯ssa MaÃƒÂ¯ga,1,0.014792899
Aaliyah,1,0.014792899
Aaran Thomas,1,0.014792899
Aaron Abrams,1,0.014792899
Aaron Paul,1,0.014792899
Aaron Stanford,1,0.014792899
Aaron Webber,1,0.014792899
Aasif Mandvi,1,0.014792899
Abdelhakim Rachi,1,0.014792899
Abigail Spencer,1,0.014792899
Abraham Attah,1,0.014792899
Adam Beach,1,0.014792899
Adam Bousdoukos,1,0.014792899
Adam Brody,1,0.014792899
Adam Butcher,1,0.014792899
Adam Carolla,1,0.014792899
Adam Devine,1,0.014792899
Adam Garcia,1,0.014792899
Adam Goldberg,1,0.014792899
Adam Greaves-Neal,1,0.014792899
Adam Pally,1,0.014792899
Adam Rothenberg,1,0.014792899
Adam Scott,1,0.014792899
Adel Karam,1,0.014792899
Adelaide Clemens,1,0.014792899
Adepero Oduye,1,0.014792899
Adir Miller,1,0.014792899
Adrian Grenier,1,0.014792899
Adrian Pasdar,1,0.014792899
Adrian Quinton,1,0.014792899
Adrian Titieni,1,0.014792899
Adriano Luz,1,0.014792899
Adrienne Shelly,1,0.014792899
Ãƒâ€°milie Dequenne,1,0.014792899
Ãƒâ€°ric Caravaca,1,0.014792899
Ãƒâ€œscar Jaenada,1,0.014792899
Agathe Bonitzer,1,0.014792899
Agnes Bruckner,1,0.014792899
Ahidjo Mahamat Moussa,1,0.014792899
Aidan Kelly,1,0.014792899
Aidan Quinn,1,0.014792899
Aimee Garcia,1,0.014792899
Aishwarya Rai Bachchan,1,0.014792899
Ajay Devgn,1,0.014792899
Akira Takarada,1,0.014792899
Aksel Hennie,1,0.014792899
Al Ernest Garcia,1,0.014792899
Alan Fawcett,1,0.014792899
Alan Howard,1,0.014792899
Alan Van Sprang,1,0.014792899
Alba Rohrwacher,1,0.014792899
Albert Dupontel,1,0.014792899
Alberto Reyes,1,0.014792899
Alejandro Ferretis,1,0.014792899
Aleksey Tryapitsyn,1,0.014792899
Alex BrendemÃƒÂ¼hl,1,0.014792899
Alex D. Linz,1,0.014792899
Alex Fisher,1,0.014792899
Alex Frost,1,0.014792899
Alex Kendrick,1,0.014792899
Alex Lewis,1,0.014792899
Alex McArthur,1,0.014792899
Alex Michaeletos,1,0.014792899
Alex Neustaedter,1,0.014792899
Alex Palmer,1,0.014792899
Alex Roe,1,0.014792899
Alex Vincent,1,0.014792899
Alex Wolff,1,0.014792899
Alexander Fehling,1,0.014792899
Alexander Ludwig,1,0.014792899
Alexander Nevsky,1,0.014792899
Alexander Siddig,1,0.014792899
Alexander SkarsgÃƒÂ¥rd,1,0.014792899
Alexandra DahlstrÃƒÂ¶m,1,0.014792899
Alexandre Bailly,1,0.014792899
Alexandre Rodrigues,1,0.014792899
Alexandria M. Salling,1,0.014792899
Alfonso Freeman,1,0.014792899
Alfredo Armenteros,1,0.014792899
Ali Larter,1,0.014792899
Ali MacGraw,1,0.014792899
Alice Evans,1,0.014792899
Alison Crosbie,1,0.014792899
Alison Garland,1,0.014792899
Alison Lohman,1,0.014792899
Alistair Abell,1,0.014792899
Allan Corduner,1,0.014792899
Allie Chan,1,0.014792899
Allie Mickelson,1,0.014792899
Allison Miller,1,0.014792899
Ally Sheedy,1,0.014792899
Alon Aboutboul,1,0.014792899
Aly Michalka,1,0.014792899
Alycia Debnam-Carey,1,0.014792899
Alyson Hannigan,1,0.014792899
Amanda Donohoe,1,0.014792899
Amanda Schull,1,0.014792899
Amber Benson,1,0.014792899
Ambyr Childers,1,0.014792899
America Ferrera,1,0.014792899
Amy Aquino,1,0.014792899
Amy Braverman,1,0.014792899
Amy Brenneman,1,0.014792899
Amy Ryan,1,0.014792899
Amy Sedaris,1,0.014792899
Amy Seimetz,1,0.014792899
Amy Smart,1,0.014792899
Amy Steel,1,0.014792899
Ana Brun,1,0.014792899
Ana Cecilia Stieglitz,1,0.014792899
Ana de Armas,1,0.014792899
Ana Rita Gurgel,1,0.014792899
Anamaria Marinca,1,0.014792899
Anastasia Hille,1,0.014792899
Anastasiya Shalonko,1,0.014792899
Anatole Taubman,1,0.014792899
Anders W. Berthelsen,1,0.014792899
AndrÃƒÂ© Vippolis,1,0.014792899
AndrÃƒÂ© Wilms,1,0.014792899
AndrÃƒÂ©s Pazos,1,0.014792899
AndrÃƒÂ©s VÃƒÂ¡zquez,1,0.014792899
Andranic Manet,1,0.014792899
Andre Gower,1,0.014792899
Andrea Alzuri,1,0.014792899
Andrea Berntzen,1,0.014792899
Andrea James,1,0.014792899
Andreas Lust,1,0.014792899
Andreas Wilson,1,0.014792899
Andrew Ableson,1,0.014792899
Andrew Chalmers,1,0.014792899
Andrew Dice Clay,1,0.014792899
Andrew Jacobs,1,0.014792899
Andrew McCarthy,1,0.014792899
Andrew Robinson,1,0.014792899
Andrzej Chyra,1,0.014792899
Andy Gray,1,0.014792899
Andy Lau,1,0.014792899
Andy Powers,1,0.014792899
Anessa Ramsey,1,0.014792899
Aneurin Barnard,1,0.014792899
Angela Bain,1,0.014792899
Angela Bettis,1,0.014792899
Angela Galuppo,1,0.014792899
Angelababy,1,0.014792899
Angourie Rice,1,0.014792899
Anika Noni Rose,1,0.014792899
Ann Dowd,1,0.014792899
Anna Camp,1,0.014792899
Anna Karina,1,0.014792899
Annabella Sciorra,1,0.014792899
Annabelle Wallis,1,0.014792899
Annabeth Gish,1,0.014792899
Annalise Basso,1,0.014792899
Anne-Marie Duff,1,0.014792899
Anne Heche,1,0.014792899
Anne Reid,1,0.014792899
Anne Suzuki,1,0.014792899
Anni-Kristiina Juuso,1,0.014792899
Annie Neal,1,0.014792899
Anson Mount,1,0.014792899
Anthony Albano,1,0.014792899
Anthony Anderson,1,0.014792899
Anthony Barrile,1,0.014792899
Anthony Gonzalez,1,0.014792899
Anthony LaPaglia,1,0.014792899
Anthony Rapp,1,0.014792899
Anton Lesser,1,0.014792899
Anton Shagin,1,0.014792899
Antonella Attili,1,0.014792899
Antony Acker,1,0.014792899
Anya Taylor-Joy,1,0.014792899
Aomi Muyock,1,0.014792899
April Barnett,1,0.014792899
Ari Gold,1,0.014792899
Ariane Ascaride,1,0.014792899
Aristides de Sousa,1,0.014792899
Armando Espitia,1,0.014792899
Armie Hammer,1,0.014792899
Armin Rohde,1,0.014792899
Arron Shiver,1,0.014792899
Art Parkinson,1,0.014792899
Arthur AcuÃƒÂ±a,1,0.014792899
Artie Lange,1,0.014792899
ASAP Rocky,1,0.014792899
Ashley Bell,1,0.014792899
Ashley Bratcher,1,0.014792899
Ashley Greene,1,0.014792899
Ashley Olsen,1,0.014792899
Ashley Tisdale,1,0.014792899
Askhat Kuchencherekov,1,0.014792899
Aubrey Peeples,1,0.014792899
August Diehl,1,0.014792899
Auli'i Cravalho,1,0.014792899
Aunjanue Ellis,1,0.014792899
Avner W. Less,1,0.014792899
Ayesha Dharker,1,0.014792899
Aziz Ansari,1,0.014792899
BÃƒÂ¡rbara Lennie,1,0.014792899
Bailey Spry,1,0.014792899
Barney Clark,1,0.014792899
Barret Oliver,1,0.014792899
Barry McEvoy,1,0.014792899
Barry Newman,1,0.014792899
Basil Hoffman,1,0.014792899
Batchuluun Urjindorj,1,0.014792899
Batzul Khayankhyarvaa,1,0.014792899
Beau Martin Williams,1,0.014792899
Bel Powley,1,0.014792899
BelÃƒÂ©n Rueda,1,0.014792899
Bella Heathcote,1,0.014792899
Bella Thorne,1,0.014792899
Ben Barnes,1,0.014792899
Ben Burtt,1,0.014792899
Ben Chaplin,1,0.014792899
Ben Dickey,1,0.014792899
Ben Foster,1,0.014792899
Ben Mendelsohn,1,0.014792899
Ben Weber,1,0.014792899
Ben Whishaw,1,0.014792899
Ben Wilkinson,1,0.014792899
Ben Winchell,1,0.014792899
Bengt Braskered,1,0.014792899
Benjamin Dickinson,1,0.014792899
Benjamin Walker,1,0.014792899
BenoÃƒÂ®t Magimel,1,0.014792899
Benshan Zhao,1,0.014792899
Bernard Hill,1,0.014792899
Bernie,1,0.014792899
Bethany Whitmore,1,0.014792899
Betsy Palmer,1,0.014792899
Bette Davis,1,0.014792899
Betty Aberlin,1,0.014792899
Bianca Hunter,1,0.014792899
Bill A. Jones,1,0.014792899
Bill Bernstein,1,0.014792899
Billy Barratt,1,0.014792899
Billy Campbell,1,0.014792899
Billy Roche,1,0.014792899
BjÃƒÂ¶rk,1,0.014792899
Blake Anderson,1,0.014792899
Blake Gibbons,1,0.014792899
Blake Jenner,1,0.014792899
Blanca Guerra,1,0.014792899
Blanchard Ryan,1,0.014792899
Blythe Metz,1,0.014792899
Bo Derek,1,0.014792899
Bob Geldof,1,0.014792899
Bobby Boriello,1,0.014792899
Bobby Campo,1,0.014792899
Bobby Driscoll,1,0.014792899
Bonnie Aarons,1,0.014792899
Boonsri Yindee,1,0.014792899
Bora Altas,1,0.014792899
Borce Nacev,1,0.014792899
Boyd Holbrook,1,0.014792899
Brad Davis,1,0.014792899
Brad Dourif,1,0.014792899
Brad Hunt,1,0.014792899
Brad Renfro,1,0.014792899
Bradley Gregg,1,0.014792899
Brady Corbet,1,0.014792899
Brahim Hadjadj,1,0.014792899
Brandon LÃƒÂ³pez,1,0.014792899
Brandon Lee,1,0.014792899
Branko Djuric,1,0.014792899
Brenda Blethyn,1,0.014792899
Brenda Vaccaro,1,0.014792899
Brendon Ryan Barrett,1,0.014792899
Brent Fellows,1,0.014792899
Brent Gorski,1,0.014792899
Brenton Thwaites,1,0.014792899
Brett Dalton,1,0.014792899
Brett Granstaff,1,0.014792899
Brian Blessed,1,0.014792899
Brian Hooks,1,0.014792899
Brian Kerwin,1,0.014792899
Brian Krause,1,0.014792899
Brian Presley,1,0.014792899
Brian Tee,1,0.014792899
Briana Evigan,1,0.014792899
Brianna Brown,1,0.014792899
Bridget Fonda,1,0.014792899
Bridgette Barrett,1,0.014792899
Brit Marling,1,0.014792899
Britney Spears,1,0.014792899
Brittany Allen,1,0.014792899
Brittany Snow,1,0.014792899
Brontis Jodorowsky,1,0.014792899
Brooke Shields,1,0.014792899
Brooklynn Prince,1,0.014792899
Bruce Davison,1,0.014792899
Bruce Dern,1,0.014792899
Bruce Gleeson,1,0.014792899
Bruce Lee,1,0.014792899
Bruce Ramsay,1,0.014792899
Bruno Ganz,1,0.014792899
Bryan Martin,1,0.014792899
Bubba Smith,1,0.014792899
Bud Cort,1,0.014792899
Burnie Burns,1,0.014792899
C. Thomas Howell,1,0.014792899
CÃƒÂ©cile Breccia,1,0.014792899
Caitlin Stasey,1,0.014792899
Caitlyn Rund,1,0.014792899
Caity Lotz,1,0.014792899
Cal Robertson,1,0.014792899
Caleb Landry Jones,1,0.014792899
Campbell Scott,1,0.014792899
Candace Evanofski,1,0.014792899
Carice van Houten,1,0.014792899
Carl Weathers,1,0.014792899
Carla Gugino,1,0.014792899
Carlos Amezcua,1,0.014792899
Carlos Areces,1,0.014792899
Carlos Gallardo,1,0.014792899
Carly Schroeder,1,0.014792899
Carmen Electra,1,0.014792899
Carmen Maura,1,0.014792899
Carmina Villaroel,1,0.014792899
Carolyn Eby,1,0.014792899
Carolyn Farina,1,0.014792899
Carroll Baker,1,0.014792899
Carter Jenkins,1,0.014792899
Caryn Peterson,1,0.014792899
Casey Siemaszko,1,0.014792899
Cassandra Freeman,1,0.014792899
Catalina Saavedra,1,0.014792899
Catalina Sandino Moreno,1,0.014792899
Catherine An,1,0.014792899
Catherine Hicks,1,0.014792899
Catherine Keener,1,0.014792899
Catherine Zeta-Jones,1,0.014792899
Cathy Cavadini,1,0.014792899
Cathy Moriarty,1,0.014792899
Cecilia Cheung,1,0.014792899
Cecilia Roth,1,0.014792899
Cees Geel,1,0.014792899
Chace Crawford,1,0.014792899
Chad Bannon,1,0.014792899
Chandra Malatitch,1,0.014792899
Chaney Kley,1,0.014792899
Chao Deng,1,0.014792899
Charles Chaplin,1,0.014792899
Charlie Cox,1,0.014792899
Charlie Day,1,0.014792899
Charlie Rowe,1,0.014792899
Charo Santos-Concio,1,0.014792899
Chase Moore,1,0.014792899
Chauncey Leopardi,1,0.014792899
Cheech Marin,1,0.014792899
Chelcie Ross,1,0.014792899
Chiara D'Anna,1,0.014792899
Chieko BaishÃƒÂ´,1,0.014792899
ChloÃƒÂ« Sevigny,1,0.014792899
Chloe Bennet,1,0.014792899
Chowee Leow,1,0.014792899
Chris Berman,1,0.014792899
Chris Brown,1,0.014792899
Chris Chalk,1,0.014792899
Chris Elliott,1,0.014792899
Chris Farley,1,0.014792899
Chris Ferreira,1,0.014792899
Chris Haywood,1,0.014792899
Chris J. Murray,1,0.014792899
Chris Kattan,1,0.014792899
Chris Massoglia,1,0.014792899
Chris Sarandon,1,0.014792899
Chris Tucker,1,0.014792899
Christa ThÃƒÂ©ret,1,0.014792899
Christian Atanasiu,1,0.014792899
Christian Friedel,1,0.014792899
Christian McKay,1,0.014792899
Christian Taylor,1,0.014792899
Christine Cavanaugh,1,0.014792899
Christine Lahti,1,0.014792899
Christoph Waltz,1,0.014792899
Christopher Baker,1,0.014792899
Christopher Eccleston,1,0.014792899
Christopher McDonald,1,0.014792899
Christopher Reid,1,0.014792899
Christopher Shyer,1,0.014792899
Chuck Cooper,1,0.014792899
Chyler Leigh,1,0.014792899
CiarÃƒÂ¡n Hinds,1,0.014792899
Cillian Murphy,1,0.014792899
Cinda Adams,1,0.014792899
Claire Foy,1,0.014792899
Clancy Brown,1,0.014792899
Clare Higgins,1,0.014792899
Claude Baz Moussawbaa,1,0.014792899
Claudia Cardinale,1,0.014792899
Clayne Crawford,1,0.014792899
Cleavon Little,1,0.014792899
Cleopatra Coleman,1,0.014792899
Cliff Curtis,1,0.014792899
Cloris Leachman,1,0.014792899
Clu Gulager,1,0.014792899
Colin Ford,1,0.014792899
Colin Quinn,1,0.014792899
Colin Woodell,1,0.014792899
Columbus Short,1,0.014792899
Condola Rashad,1,0.014792899
Connor Paolo,1,0.014792899
Connor Price,1,0.014792899
Conor Donovan,1,0.014792899
Constance Brenneman,1,0.014792899
Corbin Allred,1,0.014792899
Corey Burton,1,0.014792899
Cornelio Wall,1,0.014792899
Courteney Cox,1,0.014792899
Craig Bierko,1,0.014792899
Craig Ferguson,1,0.014792899
Craig Robinson,1,0.014792899
Craig Wasson,1,0.014792899
Cristin Milioti,1,0.014792899
Cristina Raines,1,0.014792899
Cristina Rodlo,1,0.014792899
Crusoe Kurddal,1,0.014792899
Cybill Shepherd,1,0.014792899
Cynthea Mercado,1,0.014792899
Cynthia Erivo,1,0.014792899
D. David Morin,1,0.014792899
Dacre Montgomery,1,0.014792899
Daisy Ridley,1,0.014792899
Dale Dickey,1,0.014792899
Dale Midkiff,1,0.014792899
Damian Lewis,1,0.014792899
Damien Nguyen,1,0.014792899
Dan Castellaneta,1,0.014792899
Dan Leis,1,0.014792899
Dan McComas,1,0.014792899
Dan Stevens,1,0.014792899
Dana Carvey,1,0.014792899
Dana Ivgy,1,0.014792899
Dana Snyder,1,0.014792899
Danai Gurira,1,0.014792899
Daniel Auteuil,1,0.014792899
Daniel Bess,1,0.014792899
Daniel GimÃƒÂ©nez Cacho,1,0.014792899
Daniel Kaluuya,1,0.014792899
Daniel London,1,0.014792899
Daniel Tay,1,0.014792899
Danielle Harris,1,0.014792899
Danny Bage,1,0.014792899
Danny Elfman,1,0.014792899
Danny McBride,1,0.014792899
Danny Pudi,1,0.014792899
DarÃƒÂ­o Grandinetti,1,0.014792899
Daryl Hannah,1,0.014792899
Dave Chappelle,1,0.014792899
Dave Foley,1,0.014792899
Dave Franco,1,0.014792899
Dave Goelz,1,0.014792899
Dave Thomas,1,0.014792899
Daveigh Chase,1,0.014792899
David Aaron Baker,1,0.014792899
David Andrews,1,0.014792899
David Arkin,1,0.014792899
David Bierend,1,0.014792899
David Birkin,1,0.014792899
David Bowie,1,0.014792899
David Carradine,1,0.014792899
David Caruso,1,0.014792899
David Harbour,1,0.014792899
David Hyde Pierce,1,0.014792899
David Kaye,1,0.014792899
David Keith,1,0.014792899
David Koechner,1,0.014792899
David McCullough,1,0.014792899
David Niven,1,0.014792899
David Paymer,1,0.014792899
David Rawle,1,0.014792899
David Thewlis,1,0.014792899
David Thornton,1,0.014792899
Dean Martin,1,0.014792899
Debbie Brown,1,0.014792899
Debbie Doebereiner,1,0.014792899
Debbie Harry,1,0.014792899
Debi Mazar,1,0.014792899
Deborah Theaker,1,0.014792899
Debra Messing,1,0.014792899
Deep Katdare,1,0.014792899
Delroy Lindo,1,0.014792899
Demetrius Shipp Jr.,1,0.014792899
Demi Lovato,1,0.014792899
Denholm Elliott,1,0.014792899
Denis Leary,1,0.014792899
Denise Richards,1,0.014792899
Dennis Christopher,1,0.014792899
Dennis Hopper,1,0.014792899
Dennis Rodman,1,0.014792899
Derek Hough,1,0.014792899
Derek Magyar,1,0.014792899
Derick Martini,1,0.014792899
Dermot Mulroney,1,0.014792899
Devon Bostick,1,0.014792899
Devon Gummersall,1,0.014792899
Diahnne Abbott,1,0.014792899
Diane Gaidry,1,0.014792899
Dick Clark,1,0.014792899
Dick Hogan,1,0.014792899
Diedrich Bader,1,0.014792899
Dieter Laser,1,0.014792899
Dina Korzun,1,0.014792899
Diogo Morgado,1,0.014792899
Dirk Bogarde,1,0.014792899
DJ Qualls,1,0.014792899
DMX,1,0.014792899
Do-won Kwak,1,0.014792899
Domenick John,1,0.014792899
Dominic Monaghan,1,0.014792899
Dominic Purcell,1,0.014792899
Dominique Michel,1,0.014792899
Dominique Thomas,1,0.014792899
Don Cheadle,1,0.014792899
Don Francks,1,0.014792899
Don Johnson,1,0.014792899
Don McKellar,1,0.014792899
Don Thompson,1,0.014792899
Donald Faison,1,0.014792899
Donzaleigh Abernathy,1,0.014792899
Dorian Le Clech,1,0.014792899
Doru Ana,1,0.014792899
Douglas Booth,1,0.014792899
Douglas Smith,1,0.014792899
Dougray Scott,1,0.014792899
Duane Jones,1,0.014792899
Duane Whitaker,1,0.014792899
Dustin Guy Defa,1,0.014792899
Dwight Yoakam,1,0.014792899
Dylan McDermott,1,0.014792899
Dylan Walsh,1,0.014792899
Eddie Jones,1,0.014792899
Edith Meeks,1,0.014792899
Eduardo Noriega,1,0.014792899
Eduardo VerÃƒÂ¡stegui,1,0.014792899
Edward Asner,1,0.014792899
Edward Woodward,1,0.014792899
Eileen Brennan,1,0.014792899
Eion Bailey,1,0.014792899
Elayn J. Taylor,1,0.014792899
Eleanor Worthington-Cox,1,0.014792899
Elena Anaya,1,0.014792899
Elena Lyons,1,0.014792899
Eli Roth,1,0.014792899
Eli Wallach,1,0.014792899
Elika Portnoy,1,0.014792899
Elina LÃƒÂ¶wensohn,1,0.014792899
Elio Germano,1,0.014792899
Elisabeth Moss,1,0.014792899
Elizabeth Berkley,1,0.014792899
Elizabeth Berrington,1,0.014792899
Elizabeth Lail,1,0.014792899
Elizabeth Olsen,1,0.014792899
Elizabeth Reaser,1,0.014792899
Elizabeth Roberts,1,0.014792899
Ellar Coltrane,1,0.014792899
Elle Graham,1,0.014792899
Ellen Barkin,1,0.014792899
Ellen DeGeneres,1,0.014792899
Ellie Kendrick,1,0.014792899
Elliott Crosset Hove,1,0.014792899
Elliott Gould,1,0.014792899
Elmer BÃƒÂ¤ck,1,0.014792899
Elodie Yung,1,0.014792899
Elpidia Carrillo,1,0.014792899
Elsie Fisher,1,0.014792899
Emayatzy Corinealdi,1,0.014792899
Embeth Davidtz,1,0.014792899
Emilio EchevarrÃƒÂ­a,1,0.014792899
Emily Baldoni,1,0.014792899
Emily Barclay,1,0.014792899
Emily Bergl,1,0.014792899
Emily Hampshire,1,0.014792899
Emily Perkins,1,0.014792899
Eminem,1,0.014792899
Emjay Anthony,1,0.014792899
Emma Bell,1,0.014792899
Emma Shorey,1,0.014792899
Emma SuÃƒÂ¡rez,1,0.014792899
Emmanuelle Seigner,1,0.014792899
Enzo Cilenti,1,0.014792899
Eric Balfour,1,0.014792899
Eric Bogosian,1,0.014792899
Eric Elmosnino,1,0.014792899
Eric Mabius,1,0.014792899
Eric Stoltz,1,0.014792899
Eric Sykes,1,0.014792899
Erica Yates,1,0.014792899
Erin Bethea,1,0.014792899
Ernesto Alterio,1,0.014792899
Essie Davis,1,0.014792899
Estelle Winwood,1,0.014792899
Ethan Baird,1,0.014792899
Ethan Suplee,1,0.014792899
Eul-boon Kim,1,0.014792899
Eunice Cho,1,0.014792899
Eva Longoria,1,0.014792899
Eva Mendes,1,0.014792899
Evan Adams,1,0.014792899
Evan Glodell,1,0.014792899
Evan McGuire,1,0.014792899
Evelina FernÃƒÂ¡ndez,1,0.014792899
Everett McGill,1,0.014792899
Everlyn Sampi,1,0.014792899
Fab Filippo,1,0.014792899
Fabrizio Borsani,1,0.014792899
FÃƒÂ©lix LajkÃƒÂ³,1,0.014792899
Fairuza Balk,1,0.014792899
Faisa Hassan,1,0.014792899
Famke Janssen,1,0.014792899
Fanny Ardant,1,0.014792899
Fares Fares,1,0.014792899
Farrah Fawcett,1,0.014792899
Farrah Mackenzie,1,0.014792899
Fatemeh Cherag Akhar,1,0.014792899
Fay Masterson,1,0.014792899
Fay Wray,1,0.014792899
Federico Luppi,1,0.014792899
Felicity Mason,1,0.014792899
Felicity Price,1,0.014792899
Ferenc Bandi,1,0.014792899
Fernanda Andrade,1,0.014792899
Fernando Colunga,1,0.014792899
Fernando Rey,1,0.014792899
Fikret Portakal,1,0.014792899
Filippo Pucillo,1,0.014792899
Finn Little,1,0.014792899
Fionn O'Shea,1,0.014792899
Fionn Whitehead,1,0.014792899
Flex Alexander,1,0.014792899
Florence Hartigan,1,0.014792899
Florence Loiret Caille,1,0.014792899
Fouad Habash,1,0.014792899
FranÃƒÂ§ois Arnaud,1,0.014792899
Frances McDormand,1,0.014792899
Francesca Annis,1,0.014792899
Frank Alvarez,1,0.014792899
Frank Sinatra,1,0.014792899
Frank Welker,1,0.014792899
Frank Whaley,1,0.014792899
Frank Wood,1,0.014792899
Franky G,1,0.014792899
Fred Astaire,1,0.014792899
Fred MacMurray,1,0.014792899
Frederic Forrest,1,0.014792899
French Stewart,1,0.014792899
G.W. Bailey,1,0.014792899
Gabourey Sidibe,1,0.014792899
Gabriel AlmirÃƒÂ³n,1,0.014792899
Gabriel Bateman,1,0.014792899
Gabriel Chavarria,1,0.014792899
Gabriela Oltean,1,0.014792899
Gabrielle Marion-Rivard,1,0.014792899
Gad Elmaleh,1,0.014792899
GÃƒÂ©rard Jugnot,1,0.014792899
GÃƒÂ©za RÃƒÂ¶hrig,1,0.014792899
GÃƒÂ¼nes Sensoy,1,0.014792899
Gal Gadot,1,0.014792899
Garance Marillier,1,0.014792899
Garret Dillahunt,1,0.014792899
Garry Shandling,1,0.014792899
Gary Sweet,1,0.014792899
Gaspard Schlatter,1,0.014792899
Gemma Arterton,1,0.014792899
Gemma Jones,1,0.014792899
Gena Rowlands,1,0.014792899
Geno Lechner,1,0.014792899
Geoffrey Blake,1,0.014792899
George Carlin,1,0.014792899
George Gaynes,1,0.014792899
George Lazenby,1,0.014792899
George MacKay,1,0.014792899
GermÃƒÂ¡n de Silva,1,0.014792899
Giada Colagrande,1,0.014792899
Giancarlo Esposito,1,0.014792899
Gilles Lellouche,1,0.014792899
Gillian Anderson,1,0.014792899
Gillian Jacobs,1,0.014792899
Gina Philips,1,0.014792899
Giovanni Ribisi,1,0.014792899
Gitte Witt,1,0.014792899
Giuseppe Andrews,1,0.014792899
Glen Hansard,1,0.014792899
Glenn Jacobs,1,0.014792899
Glenndon Chatman,1,0.014792899
Gordon Pinsent,1,0.014792899
Grant Bardsley,1,0.014792899
Greg Andrews,1,0.014792899
Greg Behrendt,1,0.014792899
Greg Cipes,1,0.014792899
Greg Mottola,1,0.014792899
Gregory Abbey,1,0.014792899
Gregory Smith,1,0.014792899
Greta Scacchi,1,0.014792899
Gretchen Lodge,1,0.014792899
Gretchen Mol,1,0.014792899
Griffin Dunne,1,0.014792899
Griffin Gluck,1,0.014792899
Griffin Miner,1,0.014792899
Grifon Aldren,1,0.014792899
Gugu Mbatha-Raw,1,0.014792899
Guillaume Darnault,1,0.014792899
Guillermo Toledo,1,0.014792899
Guoli Zhang,1,0.014792899
Hafsia Herzi,1,0.014792899
Hal Holbrook,1,0.014792899
Hal Scardino,1,0.014792899
Haley Bennett,1,0.014792899
Haley Lu Richardson,1,0.014792899
HalldÃƒÂ³ra GeirharÃƒÂ°sdÃƒÂ³ttir,1,0.014792899
Hamish Linklater,1,0.014792899
Hannelore Elsner,1,0.014792899
Hanyu Zhang,1,0.014792899
Harley Jane Kozak,1,0.014792899
Harriet Minto-Day,1,0.014792899
Harriet Owen,1,0.014792899
Harry Belafonte,1,0.014792899
Harry Hamlin,1,0.014792899
Hayden Panettiere,1,0.014792899
Heather Donahue,1,0.014792899
Heather Langenkamp,1,0.014792899
Heather Matarazzo,1,0.014792899
Heather Sossaman,1,0.014792899
Heino Ferch,1,0.014792899
Helen Reddy,1,0.014792899
Hend Ayoub,1,0.014792899
Henry G. Sanders,1,0.014792899
Henry Goodman,1,0.014792899
Henry Hopper,1,0.014792899
Henry Shotwell,1,0.014792899
Henry Thomas,1,0.014792899
Henry Winkler,1,0.014792899
Hera Hilmar,1,0.014792899
Herman Bing,1,0.014792899
Hideaki Anno,1,0.014792899
Hideaki ItÃƒÂ´,1,0.014792899
Himesh Patel,1,0.014792899
Hiro Hayama,1,0.014792899
Hiroki Hasegawa,1,0.014792899
Hope Davis,1,0.014792899
Howard Stern,1,0.014792899
Hoyt Axton,1,0.014792899
Hudhail Al-Amir,1,0.014792899
Hugo Weaving,1,0.014792899
Hulk Hogan,1,0.014792899
Hye-ja Kim,1,0.014792899
Ian Bannen,1,0.014792899
Ian Gamazon,1,0.014792899
Ian Holm,1,0.014792899
Ian Mongrain,1,0.014792899
Ice-T,1,0.014792899
Ido Port,1,0.014792899
Igal Naor,1,0.014792899
Ilene Woods,1,0.014792899
Ingvar Sigurdsson,1,0.014792899
Isabella Rossellini,1,0.014792899
Isabelle Adjani,1,0.014792899
Ivan Dixon,1,0.014792899
Ivana Baquero,1,0.014792899
Izzy Diaz,1,0.014792899
J. Michael Finley,1,0.014792899
J.J. Johnson,1,0.014792899
J.L. Reate,1,0.014792899
Jace Alexander,1,0.014792899
Jack Gore,1,0.014792899
Jack Huston,1,0.014792899
Jack Madigan,1,0.014792899
Jack Nance,1,0.014792899
Jack O'Connell,1,0.014792899
Jack Smith,1,0.014792899
Jack Warden,1,0.014792899
Jackie Earle Haley,1,0.014792899
Jackie Mason,1,0.014792899
Jackson Rathbone,1,0.014792899
Jacob Latimore,1,0.014792899
Jacob Sewell,1,0.014792899
Jacob Wysocki,1,0.014792899
Jacqueline Abrahams,1,0.014792899
Jacqueline Aguirre,1,0.014792899
Jacqueline Bisset,1,0.014792899
Jacqueline Kim,1,0.014792899
Jacques Gamblin,1,0.014792899
Jada Pinkett Smith,1,0.014792899
Jade Gordon,1,0.014792899
Jaeden Martell,1,0.014792899
Jahking Guillory,1,0.014792899
Jaime Pressly,1,0.014792899
Jake Andolina,1,0.014792899
Jake Hoffman,1,0.014792899
Jake Johnson,1,0.014792899
Jake Macapagal,1,0.014792899
Jake Schur,1,0.014792899
Jakob Salvati,1,0.014792899
Jamal Udin Torabi,1,0.014792899
Jamal Woolard,1,0.014792899
James Allen McCune,1,0.014792899
James Brolin,1,0.014792899
James Cosmo,1,0.014792899
James Dean,1,0.014792899
James Fleet,1,0.014792899
James Franciscus,1,0.014792899
James Frecheville,1,0.014792899
James Howson,1,0.014792899
James Mason,1,0.014792899
James Naughton,1,0.014792899
James Olson,1,0.014792899
James Paxton,1,0.014792899
James Ransone,1,0.014792899
James Remar,1,0.014792899
James Robinson,1,0.014792899
James Roday,1,0.014792899
James Wilby,1,0.014792899
Jamey Sheridan,1,0.014792899
Jamie Anne Allman,1,0.014792899
Jamie Chung,1,0.014792899
Jamie Draven,1,0.014792899
Jamie Sives,1,0.014792899
Jan Bijvoet,1,0.014792899
Jan Cornet,1,0.014792899
Jan Dieter Schneider,1,0.014792899
Jane Adams,1,0.014792899
Jane Levy,1,0.014792899
Janeane Garofalo,1,0.014792899
Janne HyytiÃƒÂ¤inen,1,0.014792899
Janni Brenn,1,0.014792899
Jared Harris,1,0.014792899
Jared Padalecki,1,0.014792899
Jarkko Lahti,1,0.014792899
Jasmin Tabatabai,1,0.014792899
Jasmine Trinca,1,0.014792899
Jason Alexander,1,0.014792899
Jason Beghe,1,0.014792899
Jason Behr,1,0.014792899
Jason Cortlund,1,0.014792899
Jason Cottle,1,0.014792899
Jason Drucker,1,0.014792899
Jason Flemyng,1,0.014792899
Jason Isaacs,1,0.014792899
Jason James Richter,1,0.014792899
Jason Lively,1,0.014792899
Jason London,1,0.014792899
Jason Mewes,1,0.014792899
Jason Palmer,1,0.014792899
Jason Patric,1,0.014792899
Jason Ritter,1,0.014792899
Jason Scott Lee,1,0.014792899
Jason Trost,1,0.014792899
Javier BeltrÃƒÂ¡n,1,0.014792899
Javier CÃƒÂ¡mara,1,0.014792899
Javier Drolas,1,0.014792899
Javier GutiÃƒÂ©rrez,1,0.014792899
Jay Baker,1,0.014792899
Jay Brazeau,1,0.014792899
Jay Chou,1,0.014792899
Jay Hernandez,1,0.014792899
Jay Jablonski,1,0.014792899
Jean-Claude Brialy,1,0.014792899
Jean-Claude La Marre,1,0.014792899
Jean Arthur,1,0.014792899
Jeanne Tripplehorn,1,0.014792899
Jed,1,0.014792899
Jeff Davis,1,0.014792899
Jeff Fahey,1,0.014792899
Jeff Garlin,1,0.014792899
Jeff Kahn,1,0.014792899
Jeffrey Combs,1,0.014792899
Jeffrey Tambor,1,0.014792899
Jemaine Clement,1,0.014792899
Jenn Proske,1,0.014792899
Jenna Dewan,1,0.014792899
Jennifer Banko,1,0.014792899
Jennifer Beals,1,0.014792899
Jennifer Carpenter,1,0.014792899
Jennifer Grey,1,0.014792899
Jennifer Hudson,1,0.014792899
Jennifer Morrison,1,0.014792899
Jennifer O'Neill,1,0.014792899
Jennifer Westfeldt,1,0.014792899
Jens Albinus,1,0.014792899
Jensen Ackles,1,0.014792899
Jeong-hie Yun,1,0.014792899
Jeremy Dozier,1,0.014792899
Jeremy Northam,1,0.014792899
Jeremy Ray Valdez,1,0.014792899
Jeremy Theobald,1,0.014792899
Jerry Adler,1,0.014792899
Jerry Seinfeld,1,0.014792899
Jesse James,1,0.014792899
Jesse Lee Soffer,1,0.014792899
Jessica De Gouw,1,0.014792899
Jessica Lange,1,0.014792899
Jessica Lowndes,1,0.014792899
Jessica Simpson,1,0.014792899
Jesus Castanos,1,0.014792899
Ji-Hyun Jun,1,0.014792899
Jim Belushi,1,0.014792899
Jim Broadbent,1,0.014792899
Jim Dunk,1,0.014792899
Jim Henson,1,0.014792899
Jim Lampley,1,0.014792899
Jim Parsons,1,0.014792899
Jimi Mistry,1,0.014792899
Jimmy Bennett,1,0.014792899
Jimmy Smits,1,0.014792899
JJ Feild,1,0.014792899
Joan Allen,1,0.014792899
Joan Lunden,1,0.014792899
Joan Plowright,1,0.014792899
Joanna Kulig,1,0.014792899
Joanna Newsom,1,0.014792899
JoBeth Williams,1,0.014792899
Jocelin Donahue,1,0.014792899
Jodelle Ferland,1,0.014792899
Jodi Lyn O'Keefe,1,0.014792899
Jodie Whittaker,1,0.014792899
Joe Alwyn,1,0.014792899
Joe Arquette,1,0.014792899
Joe Baker,1,0.014792899
Joe Belcher,1,0.014792899
Joe Mantegna,1,0.014792899
Joe Nicolo,1,0.014792899
Joe Odagiri,1,0.014792899
Joe Pantoliano,1,0.014792899
Joe Swanberg,1,0.014792899
Joel Courtney,1,0.014792899
Joel David Moore,1,0.014792899
Joel Grey,1,0.014792899
Joel Kinnaman,1,0.014792899
Joey Cramer,1,0.014792899
Joey Lawrence,1,0.014792899
Johannes Holopainen,1,0.014792899
Johannes Zeiler,1,0.014792899
John Ashker,1,0.014792899
John Beckman,1,0.014792899
John Belushi,1,0.014792899
John Boyega,1,0.014792899
John Cameron Mitchell,1,0.014792899
John Collin,1,0.014792899
John Corbett,1,0.014792899
John D. LeMay,1,0.014792899
John Gallagher Jr.,1,0.014792899
John Getz,1,0.014792899
John Glover,1,0.014792899
John Haycraft,1,0.014792899
John Heard,1,0.014792899
John Lone,1,0.014792899
John Lurie,1,0.014792899
John Magaro,1,0.014792899
John Michael Higgins,1,0.014792899
John Mills,1,0.014792899
John Neville,1,0.014792899
John Pingayak,1,0.014792899
John Robinson,1,0.014792899
John Saxon,1,0.014792899
John Simm,1,0.014792899
John Tormey,1,0.014792899
Johnny Messner,1,0.014792899
Jon Abrahams,1,0.014792899
Jon Cryer,1,0.014792899
Jon Finch,1,0.014792899
Jon Heder,1,0.014792899
Jon Simanton,1,0.014792899
Jonah Bobo,1,0.014792899
Jonas Ball,1,0.014792899
Jonathan Bray,1,0.014792899
Jonathan Cherry,1,0.014792899
Jonathan D. Mellor,1,0.014792899
Jonathan Daniel Brown,1,0.014792899
Jonathan Forbes,1,0.014792899
Jonathan Jackson,1,0.014792899
Jonathan Lipnicki,1,0.014792899
Jonathan Pryce,1,0.014792899
Jonathan Tucker,1,0.014792899
Joni Barth,1,0.014792899
Jonny Lee Miller,1,0.014792899
Jonny Weston,1,0.014792899
Jordan Bridges,1,0.014792899
Jordan Peele,1,0.014792899
Jordana Beatty,1,0.014792899
Jordi MollÃƒÂ ,1,0.014792899
Jordin Sparks Thomas,1,0.014792899
Jorge UsÃƒÂ³n,1,0.014792899
JosÃƒÂ© Luis Ferrer,1,0.014792899
JosÃƒÂ© MarÃƒÂ­a de Tavira,1,0.014792899
Josef Altin,1,0.014792899
Joseph Cotten,1,0.014792899
Joseph Mazzello,1,0.014792899
Joseph Melito,1,0.014792899
Josephine Langford,1,0.014792899
Josette Simon,1,0.014792899
Josh Alscher,1,0.014792899
Josh Bowman,1,0.014792899
Josh Diamond,1,0.014792899
Josh Holloway,1,0.014792899
Josh Hutcherson,1,0.014792899
Josh Radnor,1,0.014792899
Josh Stewart,1,0.014792899
Josh Zuckerman,1,0.014792899
Joss Ackland,1,0.014792899
Jovan Adepo,1,0.014792899
Juddy Talt,1,0.014792899
Jude Akuwudike,1,0.014792899
Judie Aronson,1,0.014792899
Judith Barsi,1,0.014792899
Judith Hoag,1,0.014792899
Judy Davis,1,0.014792899
Julia Louis-Dreyfus,1,0.014792899
JuliÃƒÂ¡n VillagrÃƒÂ¡n,1,0.014792899
Julian Barratt,1,0.014792899
Julian Glover,1,0.014792899
Julian Sands,1,0.014792899
Juliane KÃƒÂ¶hler,1,0.014792899
Julie Davis,1,0.014792899
Julie Harris,1,0.014792899
Julie Sokolowski,1,0.014792899
Juliet Stevenson,1,0.014792899
Juliette Lewis,1,0.014792899
Julius Feldmeier,1,0.014792899
Jung-min Hwang,1,0.014792899
Jung Suh,1,0.014792899
Juno Temple,1,0.014792899
Jurnee Smollett-Bell,1,0.014792899
Justin Bieber,1,0.014792899
Justin Chambers,1,0.014792899
Justin Fletcher,1,0.014792899
Justin Theroux,1,0.014792899
Justin Whalin,1,0.014792899
Kaarina Hazard,1,0.014792899
KÃƒÂ´ji Yakusho,1,0.014792899
KÃƒÂ¥re Hedebrant,1,0.014792899
Kais Nashif,1,0.014792899
Kaitlyn Dever,1,0.014792899
Kane Hodder,1,0.014792899
Karan Ashley,1,0.014792899
Kareem Abdul-Jabbar,1,0.014792899
Karen Abercrombie,1,0.014792899
Karen Disher,1,0.014792899
Karen Gillan,1,0.014792899
Karin Anna Cheung,1,0.014792899
Karin Viard,1,0.014792899
Karina Arroyave,1,0.014792899
Karina Testa,1,0.014792899
Karl Markovics,1,0.014792899
Karla Souza,1,0.014792899
Karra Elejalde,1,0.014792899
Kate Capshaw,1,0.014792899
Kate Greenhouse,1,0.014792899
Kate Hodge,1,0.014792899
Kate Lock,1,0.014792899
Kate Maberly,1,0.014792899
Kate Mara,1,0.014792899
Kate McNeil,1,0.014792899
Katharine Hepburn,1,0.014792899
Kathryn Alexander,1,0.014792899
Kathryn Worth,1,0.014792899
Kathy Bates,1,0.014792899
Katie Cassidy,1,0.014792899
Katie Chang,1,0.014792899
Katie Jarvis,1,0.014792899
Katie Leung,1,0.014792899
Kay E. Kuter,1,0.014792899
Kay Panabaker,1,0.014792899
Kayvan Novak,1,0.014792899
Kazunari Ninomiya,1,0.014792899
Keenen Ivory Wayans,1,0.014792899
Keir Dullea,1,0.014792899
Keir Gilchrist,1,0.014792899
Keith Allen,1,0.014792899
Keith Gordon,1,0.014792899
Keke Palmer,1,0.014792899
Kel Mitchell,1,0.014792899
Kelan Pannell,1,0.014792899
Kelly Asbury,1,0.014792899
Kelly Clarkson,1,0.014792899
Kelly Macdonald,1,0.014792899
Kelly McGillis,1,0.014792899
Kelly Reno,1,0.014792899
Kelly Thornton,1,0.014792899
Kelsey Asbille,1,0.014792899
Kelsey Grammer,1,0.014792899
Ken Bevel,1,0.014792899
Ken Leung,1,0.014792899
Ken Marshall,1,0.014792899
Ken Ogata,1,0.014792899
Ken Takakura,1,0.014792899
Kenan Thompson,1,0.014792899
Kenny Wormald,1,0.014792899
Kent McCord,1,0.014792899
Kerr Smith,1,0.014792899
Kerry Adra,1,0.014792899
Kerry Fox,1,0.014792899
Kevin Bernhardt,1,0.014792899
Kevin Bishop,1,0.014792899
Kevin Clash,1,0.014792899
Kevin Connolly,1,0.014792899
Kevin Eldon,1,0.014792899
Kevin Gage,1,0.014792899
Kevin Janssens,1,0.014792899
Kevin McCarthy,1,0.014792899
Kevin Peter Hall,1,0.014792899
Kevin Pollak,1,0.014792899
Kevin Sorbo,1,0.014792899
Kevin Zegers,1,0.014792899
Khalid Abdalla,1,0.014792899
Khan Chittenden,1,0.014792899
Khandi Alexander,1,0.014792899
Kick Gurry,1,0.014792899
Kieran Culkin,1,0.014792899
Kieran O'Brien,1,0.014792899
KiKi Layne,1,0.014792899
Killian Coyle,1,0.014792899
Kim Cattrall,1,0.014792899
Kim Rossi Stuart,1,0.014792899
Kimberly Deauna Adams,1,0.014792899
Kip Pardue,1,0.014792899
Kirk Acevedo,1,0.014792899
Kit Harington,1,0.014792899
Kitana Kiki Rodriguez,1,0.014792899
Kostas Nikouli,1,0.014792899
Kris Wu,1,0.014792899
Kristanna Loken,1,0.014792899
Kristen Connolly,1,0.014792899
Kristin Griffith,1,0.014792899
Kristin Kreuk,1,0.014792899
Kristina Adolphson,1,0.014792899
Kristoffer Joner,1,0.014792899
Kristoffer Polaha,1,0.014792899
Kristy Swanson,1,0.014792899
Krysten Ritter,1,0.014792899
Kumail Nanjiani,1,0.014792899
Kun Chen,1,0.014792899
Kuno Becker,1,0.014792899
Kurt Loder,1,0.014792899
Kwang Soo Cha,1,0.014792899
Kyle Chandler,1,0.014792899
Kyra Sedgwick,1,0.014792899
Kyrie Irving,1,0.014792899
Lacey Chabert,1,0.014792899
Lady Gaga,1,0.014792899
LÃƒÂ©a Seydoux,1,0.014792899
Laia Artigas,1,0.014792899
Lalor Roddy,1,0.014792899
Lambert Wilson,1,0.014792899
Lance Bass,1,0.014792899
Lance Crouther,1,0.014792899
Lance Henriksen,1,0.014792899
Lara Jill Miller,1,0.014792899
Larry Clarke,1,0.014792899
Larry David,1,0.014792899
Larry Pine,1,0.014792899
Lars Ulrich,1,0.014792899
Laura Benson,1,0.014792899
Laura Dern,1,0.014792899
Laura Regan,1,0.014792899
Lauren Ambrose,1,0.014792899
Lauren Bittner,1,0.014792899
Lauren Hutton,1,0.014792899
Lauren Miller Rogen,1,0.014792899
Laurence Olivier,1,0.014792899
Laurien Van den Broeck,1,0.014792899
Lea Thompson,1,0.014792899
Leah Pipes,1,0.014792899
Leandra Leal,1,0.014792899
Lee Evans,1,0.014792899
Lei Hao,1,0.014792899
Leigh Whannell,1,0.014792899
Leighton Meester,1,0.014792899
Lembit Ulfsak,1,0.014792899
Lena Dunham,1,0.014792899
Lennie Loftin,1,0.014792899
Leo Fitzpatrick,1,0.014792899
Leon,1,0.014792899
Leonardo Guerra,1,0.014792899
Leonid Yarmolnik,1,0.014792899
Leopold Stokowski,1,0.014792899
Leslie Cheung,1,0.014792899
Leslie Mann,1,0.014792899
Leticia Dolera,1,0.014792899
Levi Stubbs,1,0.014792899
Lewis Black,1,0.014792899
Lewis MacDougall,1,0.014792899
Li Gong,1,0.014792899
Liesel Matthews,1,0.014792899
Lillian Adams,1,0.014792899
Lily-Rose Depp,1,0.014792899
Lily Collins,1,0.014792899
Lily James,1,0.014792899
Lily Tomlin,1,0.014792899
Lilyan Chauvin,1,0.014792899
Limara Meneses,1,0.014792899
Lin Shaye,1,0.014792899
Lina Esco,1,0.014792899
Linda Blair,1,0.014792899
Linda Cardellini,1,0.014792899
Linda Fiorentino,1,0.014792899
Linda Hamilton,1,0.014792899
Linda Hunt,1,0.014792899
Lindsay Duncan,1,0.014792899
Linus Roache,1,0.014792899
Lisa Adam,1,0.014792899
Lisa Boyle,1,0.014792899
Lisa Curtis,1,0.014792899
Lisa Kudrow,1,0.014792899
Lisa Lindgren,1,0.014792899
Lisa Owen,1,0.014792899
LisaRaye McCoy,1,0.014792899
Lise Leplat Prudhomme,1,0.014792899
Liya Akhedzhakova,1,0.014792899
Liz Giles,1,0.014792899
Liza Minnelli,1,0.014792899
Lizzie BrocherÃƒÂ©,1,0.014792899
Lizzy Caplan,1,0.014792899
LL Cool J,1,0.014792899
Lloyd Bridges,1,0.014792899
Lochlyn Munro,1,0.014792899
Loes Luca,1,0.014792899
Logan Arevalo,1,0.014792899
Logan Bartholomew,1,0.014792899
Logan Browning,1,0.014792899
Logan Marshall-Green,1,0.014792899
Lola CrÃƒÂ©ton,1,0.014792899
Lombardo Boyar,1,0.014792899
Loren Dean,1,0.014792899
Lorenza Izzo,1,0.014792899
Lori Cardille,1,0.014792899
Lori Petty,1,0.014792899
Lorraine Gary,1,0.014792899
Lorraine Stanley,1,0.014792899
Lou de LaÃƒÂ¢ge,1,0.014792899
Lou Reed,1,0.014792899
Louie Leonardo,1,0.014792899
Louis Ashbourne Serkis,1,0.014792899
Louis C.K.,1,0.014792899
Louis Jourdan,1,0.014792899
Louis Koo,1,0.014792899
Louise Fletcher,1,0.014792899
Louise Lasser,1,0.014792899
Lubna Azabal,1,0.014792899
Luca Marinelli,1,0.014792899
Lucas Black,1,0.014792899
Lucas Hedges,1,0.014792899
Lucas Pittaway,1,0.014792899
Luis Fernando PeÃƒÂ±a,1,0.014792899
Luis GuzmÃƒÂ¡n,1,0.014792899
Luis Tosar,1,0.014792899
Luiz Carlos Vasconcelos,1,0.014792899
Luke Bracey,1,0.014792899
Luke Kirby,1,0.014792899
Luke Perry,1,0.014792899
Luke Treadaway,1,0.014792899
Luminita Gheorghiu,1,0.014792899
Lupita Nyong'o,1,0.014792899
M.C. Gainey,1,0.014792899
Mabel Adams,1,0.014792899
Mackenzie Foy,1,0.014792899
Macon Blair,1,0.014792899
Madeline Carroll,1,0.014792899
Madhur Jaffrey,1,0.014792899
Madina Nalwanga,1,0.014792899
Madison Ingoldsby,1,0.014792899
Madison Wolfe,1,0.014792899
Mae Whitman,1,0.014792899
MÃƒÂ¤rt Avandi,1,0.014792899
Magda Szubanski,1,0.014792899
Maggie Burkwit,1,0.014792899
Maggie Cheung,1,0.014792899
Mahershala Ali,1,0.014792899
Mahmoud Asfa,1,0.014792899
Mahnoor Baloch,1,0.014792899
Malcolm Stumpf,1,0.014792899
Malik Zidi,1,0.014792899
Malin Akerman,1,0.014792899
Malin Buska,1,0.014792899
Mamoudu Turay Kamara,1,0.014792899
Manoj Bajpayee,1,0.014792899
Mara Elena Andrei,1,0.014792899
Mara Wilson,1,0.014792899
MarÃƒÂ­a Villar,1,0.014792899
Marc Anthony,1,0.014792899
Marc Blucas,1,0.014792899
Marc Singer,1,0.014792899
Marcel Ruiz,1,0.014792899
Marcello Mastroianni,1,0.014792899
Marcia Gay Harden,1,0.014792899
Marco Albrecht,1,0.014792899
Marco Leonardi,1,0.014792899
Marcos HernÃƒÂ¡ndez,1,0.014792899
Marcus Thomas,1,0.014792899
Maren Jensen,1,0.014792899
Margarete Tiesel,1,0.014792899
Margo Martindale,1,0.014792899
Margot Robbie,1,0.014792899
Maria Bello,1,0.014792899
Maria Cina,1,0.014792899
Maria Heiskanen,1,0.014792899
Maria Palm,1,0.014792899
Maria Sid,1,0.014792899
Mariah Carey,1,0.014792899
Marianne Faithfull,1,0.014792899
Marie FÃƒÂ©ret,1,0.014792899
Mariel Hemingway,1,0.014792899
Marilyn Burns,1,0.014792899
Marilyn Monroe,1,0.014792899
Marina Golbahari,1,0.014792899
Marisa Coughlan,1,0.014792899
Marisa Paredes,1,0.014792899
Marius Jampolskis,1,0.014792899
Marius Weyers,1,0.014792899
Mariya Smolnikova,1,0.014792899
Mark Addy,1,0.014792899
Mark Aisbett,1,0.014792899
Mark Ivanir,1,0.014792899
Mark Lee,1,0.014792899
Mark McKinney,1,0.014792899
Mark Patton,1,0.014792899
Mark Polish,1,0.014792899
Mark Stanley,1,0.014792899
Mark Stewart,1,0.014792899
Mark Watson,1,0.014792899
Marla Sokoloff,1,0.014792899
Marques Houston,1,0.014792899
Marshall Allman,1,0.014792899
Marshall R. Teague,1,0.014792899
Martijn Lakemeier,1,0.014792899
Martin Balsam,1,0.014792899
Martin Hancock,1,0.014792899
Martin Landau,1,0.014792899
Martin Sheen,1,0.014792899
Martin Short,1,0.014792899
Mary Alice,1,0.014792899
Mary Costa,1,0.014792899
Mary Demas,1,0.014792899
Marylouise Burke,1,0.014792899
Masako Nozawa,1,0.014792899
Masami Nagasawa,1,0.014792899
Masatoshi Nagase,1,0.014792899
Masey McLain,1,0.014792899
MatÃƒÂ­as Quer,1,0.014792899
Mathias Malzieu,1,0.014792899
Matilda Anna Ingrid Lutz,1,0.014792899
Matt Bennett,1,0.014792899
Matt Day,1,0.014792899
Matt Johnson,1,0.014792899
Matt Long,1,0.014792899
Matt McGrath,1,0.014792899
Matt O'Leary,1,0.014792899
Matt Passmore,1,0.014792899
Matthew A. Brown,1,0.014792899
Matthew Davis,1,0.014792899
Matthew Fox,1,0.014792899
Matthew Price,1,0.014792899
Matthew Rhys,1,0.014792899
Matthew Settle,1,0.014792899
Matthias Brandt,1,0.014792899
Matthias SchweighÃƒÂ¶fer,1,0.014792899
Matti Onnismaa,1,0.014792899
Mauricio Kuri,1,0.014792899
Max Baker,1,0.014792899
Max Hubacher,1,0.014792899
Max Martini,1,0.014792899
Max Pomeranc,1,0.014792899
Max Thieriot,1,0.014792899
Maxime Giffard,1,0.014792899
Maximilian Schell,1,0.014792899
Maxine Peake,1,0.014792899
Maxwell Caulfield,1,0.014792899
Maxym Anciaux,1,0.014792899
Mbong Amata,1,0.014792899
Megan Cavanagh,1,0.014792899
Megumi Okina,1,0.014792899
Mehcad Brooks,1,0.014792899
Meinhard Neumann,1,0.014792899
Mekhi Phifer,1,0.014792899
Mel B,1,0.014792899
Mel Blanc,1,0.014792899
Melanie Papalia,1,0.014792899
Melik Malkasian,1,0.014792899
Melinda Dillon,1,0.014792899
Melisa Young,1,0.014792899
Melissa Joan Hart,1,0.014792899
Melissa Rauch,1,0.014792899
Melissa Sagemiller,1,0.014792899
Mena Suvari,1,0.014792899
Menashe Noy,1,0.014792899
Mercedes MorÃƒÂ¡n,1,0.014792899
Method Man,1,0.014792899
Mia Bendixsen,1,0.014792899
Mia Farrow,1,0.014792899
Michael Beach,1,0.014792899
Michael Beck,1,0.014792899
Michael Blevins,1,0.014792899
Michael Bonsignore,1,0.014792899
Michael Bowen,1,0.014792899
Michael Carbonaro,1,0.014792899
Michael Caton,1,0.014792899
Michael Hadley,1,0.014792899
Michael Harring,1,0.014792899
Michael J Rogers,1,0.014792899
Michael Joiner,1,0.014792899
Michael Jordan,1,0.014792899
Michael Kenworthy,1,0.014792899
Michael Lonsdale,1,0.014792899
Michael Madsen,1,0.014792899
Michael McMillian,1,0.014792899
Michael O'Chonfhlaola,1,0.014792899
Michael Parks,1,0.014792899
Michael PeÃƒÂ±a,1,0.014792899
Michael Philip Del Rio,1,0.014792899
Michael Rainey Jr.,1,0.014792899
Michael Rapaport,1,0.014792899
Michael Reilly Burke,1,0.014792899
Michael Risley,1,0.014792899
Michael Rodrick,1,0.014792899
Michael Sheen,1,0.014792899
Michael W. Smith,1,0.014792899
Michael York,1,0.014792899
Micheal J. Smith Sr.,1,0.014792899
Michel CÃƒÂ´tÃƒÂ©,1,0.014792899
Michel Joelsas,1,0.014792899
Michel Piccoli,1,0.014792899
Michel Subor,1,0.014792899
Michelle Nolden,1,0.014792899
Michiel Huisman,1,0.014792899
Mick Partridge,1,0.014792899
Mickey Rooney,1,0.014792899
Miguel A. NÃƒÂºÃƒÂ±ez Jr.,1,0.014792899
Mikael Persbrandt,1,0.014792899
Mike Birbiglia,1,0.014792899
Mike Dytri,1,0.014792899
Mike Epps,1,0.014792899
Mike Judge,1,0.014792899
Mike Norris,1,0.014792899
Mike O'Connell,1,0.014792899
Mike Starr,1,0.014792899
Mike Vogel,1,0.014792899
Mike White,1,0.014792899
Miles Hardy,1,0.014792899
Miles Heizer,1,0.014792899
Milo Ventimiglia,1,0.014792899
Min-sik Choi,1,0.014792899
Min-soo Jo,1,0.014792899
Ming-Na Wen,1,0.014792899
Miranda Richardson,1,0.014792899
Mircea Andreescu,1,0.014792899
Mircea Postelnicu,1,0.014792899
Miroslaw Haniszewski,1,0.014792899
Mischa Barton,1,0.014792899
Missy Keating,1,0.014792899
Misty Miller,1,0.014792899
Mitch Pileggi,1,0.014792899
Mithun Chakraborty,1,0.014792899
Mo'Nique,1,0.014792899
Mohammad Asarian,1,0.014792899
Moises Arias,1,0.014792899
Monia Chokri,1,0.014792899
Monica Calhoun,1,0.014792899
Monica Potter,1,0.014792899
Monty Lapica,1,0.014792899
Morgan Lily,1,0.014792899
Mustafa Kamel,1,0.014792899
Myk Watford,1,0.014792899
Myles Berkowitz,1,0.014792899
Myles Truitt,1,0.014792899
Myrna Loy,1,0.014792899
Nadine Labaki,1,0.014792899
Nadine Velazquez,1,0.014792899
Nao Ohmori,1,0.014792899
Naomi Battrick,1,0.014792899
Naomie Harris,1,0.014792899
Nargess Mamizadeh,1,0.014792899
Nastassja Kinski,1,0.014792899
Nat Faxon,1,0.014792899
Natalie Alyn Lind,1,0.014792899
Natalie Dormer,1,0.014792899
Natalie Press,1,0.014792899
Natalie Wood,1,0.014792899
Natalya Romanycheva,1,0.014792899
Natar Ungalaaq,1,0.014792899
Natasha Gregson Wagner,1,0.014792899
Natasha Henstridge,1,0.014792899
Natasha Richardson,1,0.014792899
Nate Hartley,1,0.014792899
Nate Parker,1,0.014792899
Nathalie Baye,1,0.014792899
Nathan Fillion,1,0.014792899
Nathan Phillips,1,0.014792899
Nawal Bengholam,1,0.014792899
Nazanin Boniadi,1,0.014792899
Neal McDonough,1,0.014792899
Ned Beatty,1,0.014792899
Neel Sethi,1,0.014792899
Neil Dudgeon,1,0.014792899
Neil Maskell,1,0.014792899
Neve Campbell,1,0.014792899
Nia Long,1,0.014792899
Nicholas Blandullo,1,0.014792899
Nicholas Farrell,1,0.014792899
Nicholas Tse,1,0.014792899
Nick Jonas,1,0.014792899
Nick Robinson,1,0.014792899
Nick Scotti,1,0.014792899
Nick Stahl,1,0.014792899
Nick Swardson,1,0.014792899
Nicole de Boer,1,0.014792899
Nigel Washington,1,0.014792899
Nikki Reed,1,0.014792899
Nikohl Boosheri,1,0.014792899
Nikolaj Coster-Waldau,1,0.014792899
Nikolaj Lie Kaas,1,0.014792899
Nikos Karathanos,1,0.014792899
Nilbio Torres,1,0.014792899
Nina Dobrev,1,0.014792899
Nina Proll,1,0.014792899
NoÃƒÂ© HernÃƒÂ¡ndez,1,0.014792899
NoÃƒÂ©e Abita,1,0.014792899
NoÃƒÂ©mie Lvovsky,1,0.014792899
Noah Ringer,1,0.014792899
Noel Appleby,1,0.014792899
Noel Arthur,1,0.014792899
Nolay Piho,1,0.014792899
Noomi Rapace,1,0.014792899
Nora Arnezeder,1,0.014792899
Noriko Hidaka,1,0.014792899
Norm MacDonald,1,0.014792899
Norma Aleandro,1,0.014792899
Nurul Islam Bablu,1,0.014792899
Nutsa Kukhianidze,1,0.014792899
O'Shea Jackson Jr.,1,0.014792899
Oakes Fegley,1,0.014792899
Octavia Spencer,1,0.014792899
Odessa Young,1,0.014792899
Odette Annable,1,0.014792899
Oksana Orlan,1,0.014792899
Oldzhas Nusupbayev,1,0.014792899
Oleg Menshikov,1,0.014792899
Olga Kurylenko,1,0.014792899
Olga SÃƒÂ©kulic,1,0.014792899
Oliver Reed,1,0.014792899
Olivia Colman,1,0.014792899
Olivia DeJonge,1,0.014792899
Olivia Newton-John,1,0.014792899
Olivia Taylor Dudley,1,0.014792899
Olivier Rabourdin,1,0.014792899
Om Puri,1,0.014792899
Omar Sharif,1,0.014792899
Omar Sy,1,0.014792899
Omarion,1,0.014792899
Ona Fletcher,1,0.014792899
Ondrej VetchÃƒÂ½,1,0.014792899
Onni Tommila,1,0.014792899
Orgyen Tobgyal,1,0.014792899
Orlando Jones,1,0.014792899
Oscar Kightley,1,0.014792899
Oulaya Amamra,1,0.014792899
Owen Kline,1,0.014792899
Paapa Essiedu,1,0.014792899
Paddy Considine,1,0.014792899
Paddy Wallace,1,0.014792899
PÃƒÂ¥l Sverre Hagen,1,0.014792899
PÃƒÂ©ter Rudolf,1,0.014792899
Paget Brewster,1,0.014792899
Paige Turco,1,0.014792899
Pam Grier,1,0.014792899
Pamela Anderson,1,0.014792899
Pamela Blair,1,0.014792899
Parminder Nagra,1,0.014792899
Parry Shen,1,0.014792899
Pat Morita,1,0.014792899
Pat Mulligan,1,0.014792899
Patricia Arquette,1,0.014792899
Patrick Bergin,1,0.014792899
Patrick Davidson,1,0.014792899
Patrick Fabian,1,0.014792899
Patrick John Flueger,1,0.014792899
Patrick Muldoon,1,0.014792899
Patsy Garrett,1,0.014792899
Paul Anderson,1,0.014792899
Paul Bates,1,0.014792899
Paul Campbell,1,0.014792899
Paul Dawson,1,0.014792899
Paul Eenhoorn,1,0.014792899
Paul Guilfoyle,1,0.014792899
Paul Kaye,1,0.014792899
Paul Kelman,1,0.014792899
Paul Lazar,1,0.014792899
Paul Levesque,1,0.014792899
Paul Mercurio,1,0.014792899
Paul Reubens,1,0.014792899
Paul Sanchez,1,0.014792899
Paul Schneider,1,0.014792899
Paula Abdul,1,0.014792899
Paula Patton,1,0.014792899
Pauline Malefane,1,0.014792899
Paulo Araujo,1,0.014792899
Paulo Costanzo,1,0.014792899
Payman Maadi,1,0.014792899
Pedro Castaneda,1,0.014792899
Peggy Cummins,1,0.014792899
Peggy Lee,1,0.014792899
Pekka Strang,1,0.014792899
Pell James,1,0.014792899
Penny Balfour,1,0.014792899
Penny Marshall,1,0.014792899
Percy Hynes White,1,0.014792899
Perdita Weeks,1,0.014792899
Peter Coyote,1,0.014792899
Peter Dinklage,1,0.014792899
Peter Elliott,1,0.014792899
Peter Gallagher,1,0.014792899
Peter Horton,1,0.014792899
Peter Keleghan,1,0.014792899
Peter Krause,1,0.014792899
Peter Kurth,1,0.014792899
Peter MacNicol,1,0.014792899
Peter Paige,1,0.014792899
Peter Sallis,1,0.014792899
Peter Vaughan,1,0.014792899
Petr Ratimec,1,0.014792899
Phil Daniels,1,0.014792899
Phil Davis,1,0.014792899
Phil Fondacaro,1,0.014792899
Phil Rubenstein,1,0.014792899
Philip Winchester,1,0.014792899
Philippe Noiret,1,0.014792899
Philippe Torreton,1,0.014792899
Phoebe Fox,1,0.014792899
Phyllis Applegate,1,0.014792899
Phyllis Somerville,1,0.014792899
Pier-Gabriel Lajoie,1,0.014792899
Pierluigi Marchionne,1,0.014792899
Pierre Niney,1,0.014792899
Pili Groyne,1,0.014792899
Pio MarmaÃƒÂ¯,1,0.014792899
Piotr Jagiello,1,0.014792899
Pitbull,1,0.014792899
Portia de Rossi,1,0.014792899
Pras Michel,1,0.014792899
Prateik,1,0.014792899
Predrag Bjelac,1,0.014792899
Presley Chweneyagae,1,0.014792899
Prince,1,0.014792899
Priscilla Quintana,1,0.014792899
Q'orianka Kilcher,1,0.014792899
Qi Shu,1,0.014792899
QuvenzhanÃƒÂ© Wallis,1,0.014792899
R. Brandon Johnson,1,0.014792899
Rab Affleck,1,0.014792899
Rachel Bilson,1,0.014792899
Rachel Boston,1,0.014792899
Rachel Hendrix,1,0.014792899
Rachel Mwanza,1,0.014792899
Rachel Ward,1,0.014792899
Rae Dawn Chong,1,0.014792899
RÃƒÂ©my Girard,1,0.014792899
Rafi Pitts,1,0.014792899
Rain,1,0.014792899
Ralph Macchio,1,0.014792899
Ramey Ellis,1,0.014792899
Rami Malek,1,0.014792899
Randee Allen,1,0.014792899
Randy Norton,1,0.014792899
Randy Wayne,1,0.014792899
Raphael,1,0.014792899
Rapulana Seiphemo,1,0.014792899
Raquela Rios,1,0.014792899
Ray Anthony,1,0.014792899
Ray Corasani,1,0.014792899
Ray Milland,1,0.014792899
Ray Winstone,1,0.014792899
Ray Wise,1,0.014792899
Raymond Burr,1,0.014792899
Raymond J. Barry,1,0.014792899
Rea Lest,1,0.014792899
Rebecca Benson,1,0.014792899
Rebecca De Mornay,1,0.014792899
Rebecca Romijn,1,0.014792899
Rebekah Kochan,1,0.014792899
Rebel Wilson,1,0.014792899
Reese Mishler,1,0.014792899
Reid Warner,1,0.014792899
Reine Swart,1,0.014792899
Rekha,1,0.014792899
Rene Auberjonois,1,0.014792899
Rene Russo,1,0.014792899
Rhys Ifans,1,0.014792899
Rhys Wakefield,1,0.014792899
Rica Matsumoto,1,0.014792899
Richard Armitage,1,0.014792899
Richard Ashton,1,0.014792899
Richard Balin,1,0.014792899
Richard Brake,1,0.014792899
Richard Brewster,1,0.014792899
Richard Chamberlain,1,0.014792899
Richard Coyle,1,0.014792899
Richard Dormer,1,0.014792899
Richard Dutcher,1,0.014792899
Richard E. Grant,1,0.014792899
Richard Harris,1,0.014792899
Richard Jenkins,1,0.014792899
Richard Linklater,1,0.014792899
Richard Philipps,1,0.014792899
Richard Roxburgh,1,0.014792899
Richard Stratton,1,0.014792899
Richard Wilson,1,0.014792899
Rick Malambri,1,0.014792899
Rickey D'Shon Collins,1,0.014792899
Ricky Schroder,1,0.014792899
Rider Strong,1,0.014792899
Ritchie Allen,1,0.014792899
River Phoenix,1,0.014792899
Riz Ahmed,1,0.014792899
Rob Brown,1,0.014792899
Rob LaBelle,1,0.014792899
Rob Reiner,1,0.014792899
Robb Wells,1,0.014792899
Robby Benson,1,0.014792899
Robert Arkins,1,0.014792899
Robert Boulter,1,0.014792899
Robert Carradine,1,0.014792899
Robert Gustafsson,1,0.014792899
Robert Jauregui,1,0.014792899
Robert Jon Mello,1,0.014792899
Robert Lepage,1,0.014792899
Robert Mitchum,1,0.014792899
Robert Shaw,1,0.014792899
Robert Stadlober,1,0.014792899
Robert Townsend,1,0.014792899
Robert Wahlberg,1,0.014792899
Robert Wisdom,1,0.014792899
Robin Greenspan,1,0.014792899
Robin Hill,1,0.014792899
Robin Shou,1,0.014792899
Rocki DuCharme,1,0.014792899
Rocky McKenzie,1,0.014792899
Roddy Piper,1,0.014792899
Rodney Dangerfield,1,0.014792899
Roger Allam,1,0.014792899
Roger Barclay,1,0.014792899
Romola Garai,1,0.014792899
Ron Anderson,1,0.014792899
Ronan Collins,1,0.014792899
Rongguang Yu,1,0.014792899
Ronny Graham,1,0.014792899
Rorke Denver,1,0.014792899
Rory Calhoun,1,0.014792899
Rory Cochrane,1,0.014792899
Rosa Salazar,1,0.014792899
Rosamund Pike,1,0.014792899
Rosanna Arquette,1,0.014792899
Rosario Dawson,1,0.014792899
Roscoe Lee Browne,1,0.014792899
Rose Leslie,1,0.014792899
Rose McGowan,1,0.014792899
Rowena Cooper,1,0.014792899
Roy Atwell,1,0.014792899
Roy Dupuis,1,0.014792899
Rudy Youngblood,1,0.014792899
Rufus Sewell,1,0.014792899
Rumi Hiiragi,1,0.014792899
Rupert Everett,1,0.014792899
Rupert Friend,1,0.014792899
Rupert Graves,1,0.014792899
Russell Wong,1,0.014792899
Rusty Joiner,1,0.014792899
Rutanya Alda,1,0.014792899
Ruth Negga,1,0.014792899
Ryan Guzman,1,0.014792899
Ryan Kwanten,1,0.014792899
Ryan McCluskey,1,0.014792899
Ryan O'Nan,1,0.014792899
Ryan O'Neal,1,0.014792899
Ryan Whitney Newman,1,0.014792899
RZA,1,0.014792899
Sabine AzÃƒÂ©ma,1,0.014792899
SÃƒÂ´nia Braga,1,0.014792899
Said Mrini,1,0.014792899
Saif Ali Khan,1,0.014792899
Sal Lopez,1,0.014792899
Salli Richardson-Whitfield,1,0.014792899
Sally Kirkland,1,0.014792899
Sam Fletcher,1,0.014792899
Sam Huntington,1,0.014792899
Sam J. Jones,1,0.014792899
Sam Shepard,1,0.014792899
Sam Spruell,1,0.014792899
Sam Waterston,1,0.014792899
Samara Weaving,1,0.014792899
Samuel Anderson,1,0.014792899
Samuel Hunt,1,0.014792899
Samuel Le Bihan,1,0.014792899
SanÃƒÂ¢a Alaoui,1,0.014792899
Sandra HÃƒÂ¼ller,1,0.014792899
Sandra Oh,1,0.014792899
Sandrine Bonnaire,1,0.014792899
Sandy Adell,1,0.014792899
Sanjeev Bhaskar,1,0.014792899
Sapphire Blossom,1,0.014792899
Sara Foster,1,0.014792899
Sarah Adler,1,0.014792899
Sarah Bolger,1,0.014792899
Sarah Butler,1,0.014792899
Sarah Habel,1,0.014792899
Sarah Wynter,1,0.014792899
Sasha Grey,1,0.014792899
Sasha Luss,1,0.014792899
Saskia Rosendahl,1,0.014792899
Scott Adsit,1,0.014792899
Scott Baio,1,0.014792899
Scott Bakula,1,0.014792899
Scott Caan,1,0.014792899
Scott Glenn,1,0.014792899
Scott Marlowe,1,0.014792899
Scott Shepherd,1,0.014792899
Scott Speedman,1,0.014792899
Scott Weinger,1,0.014792899
Scottie Thompson,1,0.014792899
Sean Faris,1,0.014792899
Sean Gullette,1,0.014792899
Sean Hayes,1,0.014792899
Sean Maguire,1,0.014792899
Sean Nelson,1,0.014792899
Sean Patrick Flanery,1,0.014792899
Sebastian Cabot,1,0.014792899
Sei Ashina,1,0.014792899
Selena Gomez,1,0.014792899
Selma Blair,1,0.014792899
Sennia Nanua,1,0.014792899
Sergey Makovetskiy,1,0.014792899
Seth MacFarlane,1,0.014792899
Seth Peterson,1,0.014792899
Seung-Yun Lee,1,0.014792899
Shameik Moore,1,0.014792899
Shane Carruth,1,0.014792899
Shane Dawson,1,0.014792899
Shane West,1,0.014792899
Shannen Doherty,1,0.014792899
Shannyn Sossamon,1,0.014792899
Shaofeng Feng,1,0.014792899
Shaoqun Yu,1,0.014792899
Shaquille O'Neal,1,0.014792899
Shari Albert,1,0.014792899
Sharni Vinson,1,0.014792899
Shauna Macdonald,1,0.014792899
Shawn Andrews,1,0.014792899
Shawn Driscoll,1,0.014792899
Shawn Hatosy,1,0.014792899
Shawn Wayans,1,0.014792899
Shay Mitchell,1,0.014792899
Shea Adams,1,0.014792899
Shea Whigham,1,0.014792899
Sheila E.,1,0.014792899
Shelby Young,1,0.014792899
Sherri Shepherd,1,0.014792899
Sheryl Lee,1,0.014792899
Shinobu Terajima,1,0.014792899
Shoshana Bush,1,0.014792899
Sid Haig,1,0.014792899
Sidney Poitier,1,0.014792899
Sienna Miller,1,0.014792899
Simon Abkarian,1,0.014792899
Simon Baker,1,0.014792899
Simon Bird,1,0.014792899
Simon Callow,1,0.014792899
Simon Merrells,1,0.014792899
Skeet Ulrich,1,0.014792899
Skylar Astin,1,0.014792899
Snoop Dogg,1,0.014792899
Sofia Boutella,1,0.014792899
Sofia Mali,1,0.014792899
Soledad Villamil,1,0.014792899
Solveig Dommartin,1,0.014792899
Sonia Suhl,1,0.014792899
Sonny Bono,1,0.014792899
Sophie Lee,1,0.014792899
Sophie Skelton,1,0.014792899
Sophie Vavasseur,1,0.014792899
Spalding Gray,1,0.014792899
Spencer Klein,1,0.014792899
Stan Collymore,1,0.014792899
Stefania Rocca,1,0.014792899
Stella Gonet,1,0.014792899
Stephan James,1,0.014792899
Stephanie Beatriz,1,0.014792899
Stephanie Leonidas,1,0.014792899
Stephen Baldwin,1,0.014792899
Stephen Dillane,1,0.014792899
Stephen McHattie,1,0.014792899
Stephen Mendillo,1,0.014792899
Stephen Spinella,1,0.014792899
Steve Blum,1,0.014792899
Steve Howey,1,0.014792899
Steve Irwin,1,0.014792899
Steve Monroe,1,0.014792899
Steve Oedekerk,1,0.014792899
Steve Railsback,1,0.014792899
Steve Sandvoss,1,0.014792899
Steve Tom,1,0.014792899
Steven Kaplan,1,0.014792899
Steven Pasquale,1,0.014792899
Steven Yeun,1,0.014792899
Sting,1,0.014792899
Stockard Channing,1,0.014792899
Storm Reid,1,0.014792899
Stuart Graham,1,0.014792899
Suheir Hammad,1,0.014792899
Suk-kyu Han,1,0.014792899
Suki Waterhouse,1,0.014792899
Sullivan Stapleton,1,0.014792899
Sumi Shimamoto,1,0.014792899
Sunny Pawar,1,0.014792899
Suraj Sharma,1,0.014792899
Susan Ward,1,0.014792899
Susanne Wuest,1,0.014792899
Suzanne ClÃƒÂ©ment,1,0.014792899
Suzuka Ohgo,1,0.014792899
Sverrir Gudnason,1,0.014792899
Sylvia Kristel,1,0.014792899
Sylvie Testud,1,0.014792899
T.J. Miller,1,0.014792899
Tacho GonzÃƒÂ¡lez,1,0.014792899
TÃƒÂ©a Leoni,1,0.014792899
TÃƒÂ³mas Lemarquis,1,0.014792899
Takehiro Murata,1,0.014792899
Takeshi Kitano,1,0.014792899
Talulah Riley,1,0.014792899
Tanika Lonesborough,1,0.014792899
Tannishtha Chatterjee,1,0.014792899
Tate Donovan,1,0.014792899
Tatsuya Fujiwara,1,0.014792899
Taurean Blacque,1,0.014792899
Taylor Handley,1,0.014792899
Taylor Nichols,1,0.014792899
Taylor Russell,1,0.014792899
Ted Beckman,1,0.014792899
Ted Ludzik,1,0.014792899
Tenzin Chokyi Gyatso,1,0.014792899
Tenzin Thuthob Tsarong,1,0.014792899
Teo Halm,1,0.014792899
Terence Knox,1,0.014792899
Teresa Palmer,1,0.014792899
Teri Andrez,1,0.014792899
Terrence Jenkins,1,0.014792899
Terrence Mann,1,0.014792899
Terry Ballard,1,0.014792899
Terry Kinney,1,0.014792899
Terumi Matthews,1,0.014792899
Teruyuki Kagawa,1,0.014792899
The Retrosettes,1,0.014792899
Theo Maassen,1,0.014792899
Theo Taplitz,1,0.014792899
Theresa Randle,1,0.014792899
Thom Mathews,1,0.014792899
Thomas Cocquerel,1,0.014792899
Thomas Haden Church,1,0.014792899
Thomas Kretschmann,1,0.014792899
Thomas Law,1,0.014792899
Thomas Mitchell,1,0.014792899
Thomas Schubert,1,0.014792899
Thomas Turgoose,1,0.014792899
Thora Birch,1,0.014792899
Thora Bjorg Helga,1,0.014792899
Thure Lindhardt,1,0.014792899
Tia Texada,1,0.014792899
Tiffany Dupont,1,0.014792899
Tiffany Haddish,1,0.014792899
Tiger Hu Chen,1,0.014792899
Tika Sumpter,1,0.014792899
Tim Conway,1,0.014792899
Tim Downie,1,0.014792899
Tim Ivey,1,0.014792899
Tim Matheson,1,0.014792899
Tim McGraw,1,0.014792899
Tim Meadows,1,0.014792899
Timothy Balme,1,0.014792899
Timothy Simons,1,0.014792899
Timothy Stack,1,0.014792899
Timothy Vahle,1,0.014792899
Tippi Hedren,1,0.014792899
Titus De Voogdt,1,0.014792899
Toby Kebbell,1,0.014792899
Toby Regbo,1,0.014792899
Todd Caldecott,1,0.014792899
Todd Schroeder,1,0.014792899
Tom Costello,1,0.014792899
Tom Cullen,1,0.014792899
Tom Erhart,1,0.014792899
Tom Green,1,0.014792899
Tom Hughes,1,0.014792899
Tom Hulce,1,0.014792899
Tom Kenny,1,0.014792899
Tom McGrath,1,0.014792899
Tom Schilling,1,0.014792899
Tom Waits,1,0.014792899
Tom Welling,1,0.014792899
Toma Cuzin,1,0.014792899
Tommy Wiseau,1,0.014792899
Tomoko Yamaguchi,1,0.014792899
Toni Attell,1,0.014792899
Toni Collette,1,0.014792899
Tony Goldwyn,1,0.014792899
Tony Jaa,1,0.014792899
Tony Ka Fai Leung,1,0.014792899
Tony Roberts,1,0.014792899
Tony Shalhoub,1,0.014792899
Tony Todd,1,0.014792899
Topher Grace,1,0.014792899
Topol,1,0.014792899
ToshirÃƒÂ´ Mifune,1,0.014792899
Trace Adkins,1,0.014792899
Tracey Ullman,1,0.014792899
Tracy Camilla Johns,1,0.014792899
Travis Tedford,1,0.014792899
Treat Williams,1,0.014792899
Trevor Jackson,1,0.014792899
Trine Dyrholm,1,0.014792899
Troian Bellisario,1,0.014792899
Trombone Shorty,1,0.014792899
Troy Ruptash,1,0.014792899
Troy Schremmer,1,0.014792899
Tshewang Dendup,1,0.014792899
Tunde Adebimpe,1,0.014792899
Tuva Jagell,1,0.014792899
Ty Burrell,1,0.014792899
Tyler Hoechlin,1,0.014792899
Tyrese Gibson,1,0.014792899
Tyrin Turner,1,0.014792899
Ulrich Tukur,1,0.014792899
Usher Raymond,1,0.014792899
Uzo Aduba,1,0.014792899
Vadim Glowna,1,0.014792899
Val Lauren,1,0.014792899
ValÃƒÂ©rie Lemercier,1,0.014792899
Valeria Bruni Tedeschi,1,0.014792899
Valeria De Franciscis,1,0.014792899
Valerio Mastandrea,1,0.014792899
Vanessa Paradis,1,0.014792899
Vanessa Williams,1,0.014792899
Vegar Hoel,1,0.014792899
Ventura,1,0.014792899
Veronica Taylor,1,0.014792899
VicenÃƒÂ§ AltaiÃƒÂ³,1,0.014792899
Vicky Krieps,1,0.014792899
Victor Banerjee,1,0.014792899
Victor Rasuk,1,0.014792899
Victoria Justice,1,0.014792899
Ville Virtanen,1,0.014792899
Vince Colosimo,1,0.014792899
Vincent Piazza,1,0.014792899
Vincent Price,1,0.014792899
Vincent Rottiers,1,0.014792899
Vinnie Jones,1,0.014792899
Viola Davis,1,0.014792899
Virginia Cherrill,1,0.014792899
Virginia Madsen,1,0.014792899
Virginie Ledoyen,1,0.014792899
Vito Sanz,1,0.014792899
Vivien Leigh,1,0.014792899
Vladimir Epifantsev,1,0.014792899
Vladimir Mashkov,1,0.014792899
Vuyo Dabula,1,0.014792899
Wallace Ford,1,0.014792899
Walter Matthau,1,0.014792899
Warren Christie,1,0.014792899
Wei-Qiang Zhang,1,0.014792899
Wen Jiang,1,0.014792899
Wendi McLendon-Covey,1,0.014792899
Werner Herzog,1,0.014792899
Wil Wheaton,1,0.014792899
Will Forte,1,0.014792899
William Atherton,1,0.014792899
William Baldwin,1,0.014792899
William Katt,1,0.014792899
William Mapother,1,0.014792899
William Prael,1,0.014792899
Willie,1,0.014792899
Wyatt Cenac,1,0.014792899
Xander Berkeley,1,0.014792899
Xavier Atkins,1,0.014792899
Xavier Samuel,1,0.014792899
Xevat Gectan,1,0.014792899
Xiaochao Yuan,1,0.014792899
Xiaoming Huang,1,0.014792899
Xolani Mali,1,0.014792899
Xuan Huang,1,0.014792899
Y'lan Noel,1,0.014792899
Yada Beener,1,0.014792899
YÃƒÂ»suke Iseya,1,0.014792899
Yara Shahidi,1,0.014792899
Ye Liu,1,0.014792899
Yeong-ae Lee,1,0.014792899
Yeong-ho Kim,1,0.014792899
Yoo Gong,1,0.014792899
Yoon-seok Kim,1,0.014792899
You Ge,1,0.014792899
Yu Xia,1,0.014792899
Yuka Imoto,1,0.014792899
Yuliya Vysotskaya,1,0.014792899
Yunhee Cho,1,0.014792899
Zach Cregger,1,0.014792899
Zach Gilford,1,0.014792899
Zach Woods,1,0.014792899
Zachary David Cope,1,0.014792899
Zahn McClarnon,1,0.014792899
Zain Al Rafeea,1,0.014792899
Zana Marjanovic,1,0.014792899
Zane Pais,1,0.014792899
Zheng Xu,1,0.014792899
Zina Bethune,1,0.014792899
ZoÃƒÂ© HÃƒÂ©ran,1,0.014792899
Zoe Lister-Jones,1,0.014792899
Zoe Margaret Colletti,1,0.014792899
Zoe Saldana,1,0.014792899
Zooey Deschanel,1,0.014792899
