Diretor,Frequencia,Porcentagem.Freq
Clint Eastwood,34,0.50295858
Woody Allen,34,0.50295858
Steven Spielberg,31,0.458579882
Steven Soderbergh,26,0.384615385
Martin Scorsese,24,0.355029586
Ridley Scott,24,0.355029586
Ron Howard,22,0.325443787
Brian De Palma,18,0.266272189
Renny Harlin,18,0.266272189
Robert Zemeckis,18,0.266272189
Tim Burton,18,0.266272189
Barry Levinson,17,0.25147929
Oliver Stone,17,0.25147929
Spike Lee,17,0.25147929
Francis Ford Coppola,16,0.236686391
Joel Schumacher,16,0.236686391
John Carpenter,16,0.236686391
Rob Reiner,16,0.236686391
Richard Linklater,15,0.221893491
Tyler Perry,15,0.221893491
David Cronenberg,14,0.207100592
Ivan Reitman,14,0.207100592
Richard Donner,14,0.207100592
Sam Raimi,14,0.207100592
Tony Scott,14,0.207100592
Wes Craven,14,0.207100592
Gus Van Sant,13,0.192307692
Michael Bay,13,0.192307692
Mike Nichols,13,0.192307692
Robert Altman,13,0.192307692
Robert Rodriguez,13,0.192307692
Roland Emmerich,13,0.192307692
Stephen Frears,13,0.192307692
Antoine Fuqua,12,0.177514793
Dennis Dugan,12,0.177514793
Garry Marshall,12,0.177514793
Kevin Smith,12,0.177514793
Paul Schrader,12,0.177514793
Stephen Herek,12,0.177514793
Walter Hill,12,0.177514793
Ang Lee,11,0.162721893
"Bobby Farrelly, Peter Farrelly",11,0.162721893
Chris Columbus,11,0.162721893
Danny Boyle,11,0.162721893
David Gordon Green,11,0.162721893
Edward Zwick,11,0.162721893
Jon Turteltaub,11,0.162721893
M. Night Shyamalan,11,0.162721893
Marc Forster,11,0.162721893
Michael Mann,11,0.162721893
Peter Weir,11,0.162721893
Phillip Noyce,11,0.162721893
Roger Donaldson,11,0.162721893
Roman Polanski,11,0.162721893
Shawn Levy,11,0.162721893
Sidney Lumet,11,0.162721893
Terry Gilliam,11,0.162721893
Alfred Hitchcock,10,0.147928994
Barry Sonnenfeld,10,0.147928994
Bryan Singer,10,0.147928994
Christopher Nolan,10,0.147928994
David Fincher,10,0.147928994
Donald Petrie,10,0.147928994
Gore Verbinski,10,0.147928994
Guillermo del Toro,10,0.147928994
James Mangold,10,0.147928994
"Joel Coen, Ethan Coen",10,0.147928994
Lasse HallstrÃƒÂ¶m,10,0.147928994
Mark Waters,10,0.147928994
Paul W.S. Anderson,10,0.147928994
Peter Berg,10,0.147928994
Peter Jackson,10,0.147928994
Todd Phillips,10,0.147928994
Adam Shankman,9,0.133136095
Andrew Davis,9,0.133136095
Brett Ratner,9,0.133136095
Brian Robbins,9,0.133136095
David Lynch,9,0.133136095
David O. Russell,9,0.133136095
F. Gary Gray,9,0.133136095
Guy Ritchie,9,0.133136095
Harold Ramis,9,0.133136095
James Wan,9,0.133136095
Jay Roach,9,0.133136095
John Landis,9,0.133136095
Jon Favreau,9,0.133136095
Martin Campbell,9,0.133136095
Michael Winterbottom,9,0.133136095
Neil LaBute,9,0.133136095
Peter Segal,9,0.133136095
Quentin Tarantino,9,0.133136095
Raja Gosnell,9,0.133136095
Stanley Kubrick,9,0.133136095
Sydney Pollack,9,0.133136095
Tim Story,9,0.133136095
William Friedkin,9,0.133136095
Alan Parker,8,0.118343195
Atom Egoyan,8,0.118343195
Bill Condon,8,0.118343195
Blake Edwards,8,0.118343195
D.J. Caruso,8,0.118343195
Doug Liman,8,0.118343195
Frank Oz,8,0.118343195
George A. Romero,8,0.118343195
James Foley,8,0.118343195
James Ivory,8,0.118343195
Joe Johnston,8,0.118343195
John McTiernan,8,0.118343195
John Singleton,8,0.118343195
John Stockwell,8,0.118343195
Justin Lin,8,0.118343195
Kathryn Bigelow,8,0.118343195
Luc Besson,8,0.118343195
Mel Brooks,8,0.118343195
Neil Jordan,8,0.118343195
Norman Jewison,8,0.118343195
Paul Thomas Anderson,8,0.118343195
Paul Verhoeven,8,0.118343195
Peter Hyams,8,0.118343195
Rob Cohen,8,0.118343195
Robert Redford,8,0.118343195
Simon West,8,0.118343195
Taylor Hackford,8,0.118343195
Tom Shadyac,8,0.118343195
Wes Anderson,8,0.118343195
Wolfgang Petersen,8,0.118343195
Zack Snyder,8,0.118343195
Adam McKay,7,0.103550296
Adrian Lyne,7,0.103550296
Alexander Payne,7,0.103550296
Amy Heckerling,7,0.103550296
Andy Fickman,7,0.103550296
Andy Tennant,7,0.103550296
Betty Thomas,7,0.103550296
Bruce Beresford,7,0.103550296
Curtis Hanson,7,0.103550296
Darren Aronofsky,7,0.103550296
David Yates,7,0.103550296
David Zucker,7,0.103550296
Eli Roth,7,0.103550296
"Ethan Coen, Joel Coen",7,0.103550296
Francis Lawrence,7,0.103550296
Frank Coraci,7,0.103550296
Gary Fleder,7,0.103550296
James Cameron,7,0.103550296
James Gray,7,0.103550296
Jason Reitman,7,0.103550296
Jim Jarmusch,7,0.103550296
Joe Dante,7,0.103550296
John Dahl,7,0.103550296
John Hughes,7,0.103550296
John Madden,7,0.103550296
John Sayles,7,0.103550296
Jonathan Demme,7,0.103550296
Jonathan Levine,7,0.103550296
Jonathan Lynn,7,0.103550296
Kenneth Branagh,7,0.103550296
Lars von Trier,7,0.103550296
Malcolm D. Lee,7,0.103550296
Michael Hoffman,7,0.103550296
Mike Leigh,7,0.103550296
Mike Newell,7,0.103550296
Milos Forman,7,0.103550296
Paul Feig,7,0.103550296
Paul Greengrass,7,0.103550296
Pedro AlmodÃƒÂ³var,7,0.103550296
Rob Zombie,7,0.103550296
Robert Luketic,7,0.103550296
Robert Schwentke,7,0.103550296
Roger Spottiswoode,7,0.103550296
Roland JoffÃƒÂ©,7,0.103550296
Sam Mendes,7,0.103550296
Sean Anders,7,0.103550296
Steve Carr,7,0.103550296
Sylvester Stallone,7,0.103550296
Wayne Wang,7,0.103550296
Alex Proyas,6,0.088757396
Alfonso CuarÃƒÂ³n,6,0.088757396
Andrew Fleming,6,0.088757396
"Anthony Russo, Joe Russo",6,0.088757396
Ben Stiller,6,0.088757396
Boaz Yakin,6,0.088757396
Brad Anderson,6,0.088757396
Brian Levant,6,0.088757396
Cameron Crowe,6,0.088757396
Catherine Hardwicke,6,0.088757396
Chan-wook Park,6,0.088757396
Craig Gillespie,6,0.088757396
Danny DeVito,6,0.088757396
Darren Lynn Bousman,6,0.088757396
David Ayer,6,0.088757396
David Dobkin,6,0.088757396
David Koepp,6,0.088757396
David Twohy,6,0.088757396
Ernest R. Dickerson,6,0.088757396
Gavin O'Connor,6,0.088757396
George Clooney,6,0.088757396
George Lucas,6,0.088757396
George Miller,6,0.088757396
George Tillman Jr.,6,0.088757396
Hayao Miyazaki,6,0.088757396
Howard Deutch,6,0.088757396
Irwin Winkler,6,0.088757396
Jaume Collet-Serra,6,0.088757396
Jean-Jacques Annaud,6,0.088757396
Jean-Marc VallÃƒÂ©e,6,0.088757396
Joe Wright,6,0.088757396
John Badham,6,0.088757396
John Boorman,6,0.088757396
John Huston,6,0.088757396
John Moore,6,0.088757396
John Waters,6,0.088757396
Jon M. Chu,6,0.088757396
"Lana Wachowski, Lilly Wachowski",6,0.088757396
Les Mayfield,6,0.088757396
Louis Leterrier,6,0.088757396
Matthew Vaughn,6,0.088757396
McG,6,0.088757396
Mikael HÃƒÂ¥fstrÃƒÂ¶m,6,0.088757396
Mike Mitchell,6,0.088757396
Neil Burger,6,0.088757396
Nora Ephron,6,0.088757396
Paul Weitz,6,0.088757396
Peyton Reed,6,0.088757396
Philip Kaufman,6,0.088757396
Rob Marshall,6,0.088757396
Rob Minkoff,6,0.088757396
Rod Lurie,6,0.088757396
Roger Michell,6,0.088757396
"Ron Clements, John Musker",6,0.088757396
Ron Shelton,6,0.088757396
Sofia Coppola,6,0.088757396
Stephen Hopkins,6,0.088757396
Stephen Sommers,6,0.088757396
Steve Miner,6,0.088757396
Uwe Boll,6,0.088757396
Wim Wenders,6,0.088757396
Yimou Zhang,6,0.088757396
Alan J. Pakula,5,0.073964497
Alejandro G. IÃƒÂ±ÃƒÂ¡rritu,5,0.073964497
Alex Kendrick,5,0.073964497
Alexandre Aja,5,0.073964497
Andrew Niccol,5,0.073964497
Andrey Konchalovskiy,5,0.073964497
Andrzej Bartkowiak,5,0.073964497
Anne Fletcher,5,0.073964497
Baltasar KormÃƒÂ¡kur,5,0.073964497
Baz Luhrmann,5,0.073964497
Ben Wheatley,5,0.073964497
Bernardo Bertolucci,5,0.073964497
Billy Wilder,5,0.073964497
Bob Clark,5,0.073964497
Bong Joon Ho,5,0.073964497
Brad Bird,5,0.073964497
Brad Peyton,5,0.073964497
Brad Silberling,5,0.073964497
Brian Helgeland,5,0.073964497
Christopher Landon,5,0.073964497
Chuck Russell,5,0.073964497
David Frankel,5,0.073964497
David R. Ellis,5,0.073964497
Denis Villeneuve,5,0.073964497
Dwight H. Little,5,0.073964497
Edgar Wright,5,0.073964497
Fred Schepisi,5,0.073964497
Gabriele Muccino,5,0.073964497
Gary Ross,5,0.073964497
Gary Winick,5,0.073964497
Gavin Hood,5,0.073964497
Guy Hamilton,5,0.073964497
Hans Petter Moland,5,0.073964497
Harald Zwart,5,0.073964497
Harold Becker,5,0.073964497
Hugh Wilson,5,0.073964497
J.J. Abrams,5,0.073964497
Jake Kasdan,5,0.073964497
James Franco,5,0.073964497
James L. Brooks,5,0.073964497
James McTeigue,5,0.073964497
Jan de Bont,5,0.073964497
Jay Chandrasekhar,5,0.073964497
Jean-Pierre Jeunet,5,0.073964497
Jim Sheridan,5,0.073964497
John Frankenheimer,5,0.073964497
John G. Avildsen,5,0.073964497
John Glen,5,0.073964497
John Lee Hancock,5,0.073964497
John Schlesinger,5,0.073964497
John Schultz,5,0.073964497
John Woo,5,0.073964497
Jonathan Liebesman,5,0.073964497
Jonathan Mostow,5,0.073964497
Judd Apatow,5,0.073964497
Keenen Ivory Wayans,5,0.073964497
Ken Kwapis,5,0.073964497
Kirk Jones,5,0.073964497
Lawrence Kasdan,5,0.073964497
Lee Tamahori,5,0.073964497
Lone Scherfig,5,0.073964497
Mark Steven Johnson,5,0.073964497
Martin Brest,5,0.073964497
Michael Caton-Jones,5,0.073964497
Michael Haneke,5,0.073964497
Michael Polish,5,0.073964497
Michel Gondry,5,0.073964497
Miguel Arteta,5,0.073964497
Mira Nair,5,0.073964497
Nancy Meyers,5,0.073964497
Nicholas Stoller,5,0.073964497
Nicolas Winding Refn,5,0.073964497
Nicole Holofcener,5,0.073964497
Paul McGuigan,5,0.073964497
Penny Marshall,5,0.073964497
Peter Chelsom,5,0.073964497
Peter Howitt,5,0.073964497
Pierre Morel,5,0.073964497
Randal Kleiser,5,0.073964497
Reginald Hudlin,5,0.073964497
Richard LaGravenese,5,0.073964497
Ruben Fleischer,5,0.073964497
Scott Derrickson,5,0.073964497
Scott Hicks,5,0.073964497
Steven C. Miller,5,0.073964497
Terrence Malick,5,0.073964497
Tim Hill,5,0.073964497
Timur Bekmambetov,5,0.073964497
Todd Haynes,5,0.073964497
Will Gluck,5,0.073964497
"Andrew Erwin, Jon Erwin",4,0.059171598
Anne Fontaine,4,0.059171598
Anton Corbijn,4,0.059171598
Arthur Hiller,4,0.059171598
Ava DuVernay,4,0.059171598
Bart Freundlich,4,0.059171598
Ben Affleck,4,0.059171598
Bill Duke,4,0.059171598
Bruno Dumont,4,0.059171598
Burr Steers,4,0.059171598
CÃƒÂ©dric Klapisch,4,0.059171598
Carl Franklin,4,0.059171598
Carlos Saldanha,4,0.059171598
Chris Weitz,4,0.059171598
Christopher Guest,4,0.059171598
Christopher McQuarrie,4,0.059171598
Damien Chazelle,4,0.059171598
David Bowers,4,0.059171598
David Mackenzie,4,0.059171598
David Mamet,4,0.059171598
Dean Parisot,4,0.059171598
Deon Taylor,4,0.059171598
Dominic Sena,4,0.059171598
Don Coscarelli,4,0.059171598
Don Siegel,4,0.059171598
Douglas McGrath,4,0.059171598
Edward Burns,4,0.059171598
Frank Darabont,4,0.059171598
George P. Cosmatos,4,0.059171598
George Roy Hill,4,0.059171598
Gillian Armstrong,4,0.059171598
Giuseppe Tornatore,4,0.059171598
"Glenn Ficarra, John Requa",4,0.059171598
Greg McLean,4,0.059171598
Gregory Hoblit,4,0.059171598
Gurinder Chadha,4,0.059171598
Hal Ashby,4,0.059171598
Hal Needham,4,0.059171598
Hark Tsui,4,0.059171598
Harmony Korine,4,0.059171598
Henry Selick,4,0.059171598
Herbert Ross,4,0.059171598
Irvin Kershner,4,0.059171598
Isabel Coixet,4,0.059171598
J. Lee Thompson,4,0.059171598
J.A. Bayona,4,0.059171598
Jacques Audiard,4,0.059171598
James Bobin,4,0.059171598
James Gunn,4,0.059171598
James Toback,4,0.059171598
James Wong,4,0.059171598
Jared Hess,4,0.059171598
"Jason Friedberg, Aaron Seltzer",4,0.059171598
Jay Russell,4,0.059171598
Jeff Nichols,4,0.059171598
Jeff Wadlow,4,0.059171598
Jodie Foster,4,0.059171598
Joe Carnahan,4,0.059171598
John Crowley,4,0.059171598
John Curran,4,0.059171598
John Erick Dowdle,4,0.059171598
John Hillcoat,4,0.059171598
John Pasquin,4,0.059171598
John Whitesell,4,0.059171598
Jon Amiel,4,0.059171598
"Jon Lucas, Scott Moore",4,0.059171598
Jon Watts,4,0.059171598
Jonathan Frakes,4,0.059171598
Kar-Wai Wong,4,0.059171598
Karyn Kusama,4,0.059171598
Kasi Lemmons,4,0.059171598
Kevin Macdonald,4,0.059171598
Kevin Reynolds,4,0.059171598
Len Wiseman,4,0.059171598
Luke Greenfield,4,0.059171598
Marc Webb,4,0.059171598
Marcus Nispel,4,0.059171598
Mark L. Lester,4,0.059171598
"Mark Neveldine, Brian Taylor",4,0.059171598
Martha Coolidge,4,0.059171598
Matt Reeves,4,0.059171598
Mel Gibson,4,0.059171598
Michael Corrente,4,0.059171598
Michael Dowse,4,0.059171598
Michael Lembeck,4,0.059171598
Michael Ritchie,4,0.059171598
"Michael Spierig, Peter Spierig",4,0.059171598
Michel Hazanavicius,4,0.059171598
Mick Jackson,4,0.059171598
Mimi Leder,4,0.059171598
Nacho Vigalondo,4,0.059171598
Neil Marshall,4,0.059171598
Nicholas Hytner,4,0.059171598
Nick Cassavetes,4,0.059171598
Nigel Cole,4,0.059171598
Niki Caro,4,0.059171598
NimrÃƒÂ³d Antal,4,0.059171598
Olivier Assayas,4,0.059171598
Olivier Megaton,4,0.059171598
Paolo Sorrentino,4,0.059171598
Peter Cattaneo,4,0.059171598
Peter Hedges,4,0.059171598
Peter Yates,4,0.059171598
"Phil Lord, Christopher Miller",4,0.059171598
Randall Miller,4,0.059171598
Randall Wallace,4,0.059171598
Rawson Marshall Thurber,4,0.059171598
Rian Johnson,4,0.059171598
Richard Attenborough,4,0.059171598
Richard Benjamin,4,0.059171598
Richard Loncraine,4,0.059171598
Rick Famuyiwa,4,0.059171598
Robert Iscove,4,0.059171598
Rodrigo GarcÃƒÂ­a,4,0.059171598
Ron Underwood,4,0.059171598
Russell Mulcahy,4,0.059171598
Sam Peckinpah,4,0.059171598
Sam Weisman,4,0.059171598
Scott Cooper,4,0.059171598
Sergio Leone,4,0.059171598
Seth Gordon,4,0.059171598
Shane Black,4,0.059171598
Shane Meadows,4,0.059171598
Spike Jonze,4,0.059171598
Stephen Daldry,4,0.059171598
Steve McQueen,4,0.059171598
Steve Pink,4,0.059171598
Steven Brill,4,0.059171598
Susanne Bier,4,0.059171598
Tamra Davis,4,0.059171598
Tarsem Singh,4,0.059171598
Tate Taylor,4,0.059171598
Thomas Vinterberg,4,0.059171598
Tobe Hooper,4,0.059171598
Todd Solondz,4,0.059171598
Tom Dey,4,0.059171598
Tom Hooper,4,0.059171598
Tom Tykwer,4,0.059171598
Tony Goldwyn,4,0.059171598
Wayne Kramer,4,0.059171598
Werner Herzog,4,0.059171598
Whit Stillman,4,0.059171598
Abel Ferrara,3,0.044378698
Adam Wingard,3,0.044378698
ÃƒÂlex de la Iglesia,3,0.044378698
Agnieszka Holland,3,0.044378698
Aki KaurismÃƒÂ¤ki,3,0.044378698
Akira Kurosawa,3,0.044378698
"Albert Hughes, Allen Hughes",3,0.044378698
Alejandro AmenÃƒÂ¡bar,3,0.044378698
Andrew Dominik,3,0.044378698
Andy Muschietti,3,0.044378698
Angelina Jolie,3,0.044378698
"Anna Boden, Ryan Fleck",3,0.044378698
Anthony Minghella,3,0.044378698
Asghar Farhadi,3,0.044378698
Asif Kapadia,3,0.044378698
Barbet Schroeder,3,0.044378698
Barry Jenkins,3,0.044378698
Ben Falcone,3,0.044378698
Ben Younger,3,0.044378698
Bennett Miller,3,0.044378698
Bille Woodruff,3,0.044378698
Brad Furman,3,0.044378698
Breck Eisner,3,0.044378698
Brian G. Hutton,3,0.044378698
Carlos Reygadas,3,0.044378698
Carroll Ballard,3,0.044378698
Charles Chaplin,3,0.044378698
Charles Herman-Wurmfeld,3,0.044378698
Charles Martin Smith,3,0.044378698
Charles Shyer,3,0.044378698
Charles Stone III,3,0.044378698
Chris Rock,3,0.044378698
Christian Alvart,3,0.044378698
Christian Duguay,3,0.044378698
Christophe Gans,3,0.044378698
Christopher Cain,3,0.044378698
"Clyde Geronimi, Wilfred Jackson",3,0.044378698
Colin Trevorrow,3,0.044378698
Corneliu Porumboiu,3,0.044378698
Courtney Solomon,3,0.044378698
Craig Brewer,3,0.044378698
Daniel Espinosa,3,0.044378698
Danny Leiner,3,0.044378698
Dario Argento,3,0.044378698
David F. Sandberg,3,0.044378698
David Lean,3,0.044378698
David Leitch,3,0.044378698
David S. Goyer,3,0.044378698
David S. Ward,3,0.044378698
David Slade,3,0.044378698
David Wain,3,0.044378698
Dennie Gordon,3,0.044378698
Dennis Hopper,3,0.044378698
Denzel Washington,3,0.044378698
Derek Cianfrance,3,0.044378698
"Don Bluth, Gary Goldman",3,0.044378698
Duncan Jones,3,0.044378698
Elizabeth Allen Rosenbaum,3,0.044378698
Emile Ardolino,3,0.044378698
"Eric Darnell, Tom McGrath",3,0.044378698
Eytan Fox,3,0.044378698
Fede Alvarez,3,0.044378698
Frank Marshall,3,0.044378698
Franklin J. Schaffner,3,0.044378698
Fred Dekker,3,0.044378698
Gareth Edwards,3,0.044378698
"Gary Trousdale, Kirk Wise",3,0.044378698
Gaspar NoÃƒÂ©,3,0.044378698
Genndy Tartakovsky,3,0.044378698
George Hickenlooper,3,0.044378698
Gil Kenan,3,0.044378698
Gina Prince-Bythewood,3,0.044378698
Greg Berlanti,3,0.044378698
Greg Mottola,3,0.044378698
Guillaume Canet,3,0.044378698
Hany Abu-Assad,3,0.044378698
Harold Cronk,3,0.044378698
"Henry Joost, Ariel Schulman",3,0.044378698
Hong-jin Na,3,0.044378698
Howard Zieff,3,0.044378698
Hugh Hudson,3,0.044378698
Iain Softley,3,0.044378698
Ira Sachs,3,0.044378698
J.C. Chandor,3,0.044378698
James Bridges,3,0.044378698
James DeMonaco,3,0.044378698
James Ponsoldt,3,0.044378698
Jane Campion,3,0.044378698
Jaume BalaguerÃƒÂ³,3,0.044378698
"Jay Duplass, Mark Duplass",3,0.044378698
Je-kyu Kang,3,0.044378698
Jean-FranÃƒÂ§ois Richet,3,0.044378698
Jean-Luc Godard,3,0.044378698
Jeannot Szwarc,3,0.044378698
Jee-woon Kim,3,0.044378698
Jesse Dylan,3,0.044378698
"Jim Abrahams, David Zucker",3,0.044378698
Joe Nussbaum,3,0.044378698
Joe Roth,3,0.044378698
Johannes Roberts,3,0.044378698
John Cameron Mitchell,3,0.044378698
John Guillermin,3,0.044378698
John Hamburg,3,0.044378698
John Irvin,3,0.044378698
John R. Cherry III,3,0.044378698
John R. Leonetti,3,0.044378698
John Wells,3,0.044378698
Jon Avnet,3,0.044378698
Jon Gunn,3,0.044378698
"Jonathan Dayton, Valerie Faris",3,0.044378698
Jonathan Kaplan,3,0.044378698
Jonathan Teplitzky,3,0.044378698
Joseph Kosinski,3,0.044378698
Joseph L. Mankiewicz,3,0.044378698
Joseph Ruben,3,0.044378698
"Josh Gordon, Will Speck",3,0.044378698
Joss Whedon,3,0.044378698
Julie Taymor,3,0.044378698
Justin Chadwick,3,0.044378698
Justin Kurzel,3,0.044378698
Kaige Chen,3,0.044378698
Kelly Asbury,3,0.044378698
Kelly Reichardt,3,0.044378698
Kenneth Lonergan,3,0.044378698
Kevin Costner,3,0.044378698
Kevin Rodney Sullivan,3,0.044378698
Ki-duk Kim,3,0.044378698
Kimberly Peirce,3,0.044378698
Larry Charles,3,0.044378698
Lee Daniels,3,0.044378698
Leonard Nimoy,3,0.044378698
Lewis Gilbert,3,0.044378698
Lorene Scafaria,3,0.044378698
Luca Guadagnino,3,0.044378698
Luis Mandoki,3,0.044378698
Lukas Moodysson,3,0.044378698
Marc Lawrence,3,0.044378698
Mario Van Peebles,3,0.044378698
Mark Rosman,3,0.044378698
Martin McDonagh,3,0.044378698
Mary Lambert,3,0.044378698
Mathieu Kassovitz,3,0.044378698
MichaÃƒÂ«l R. Roskam,3,0.044378698
Michael Apted,3,0.044378698
Michael Cimino,3,0.044378698
Michael Cuesta,3,0.044378698
Michael Lehmann,3,0.044378698
Michael Radford,3,0.044378698
Michael Tiddes,3,0.044378698
Michael Winner,3,0.044378698
Mick Garris,3,0.044378698
Mike Binder,3,0.044378698
Mike Figgis,3,0.044378698
Mike Flanagan,3,0.044378698
Mike Mills,3,0.044378698
Nadine Labaki,3,0.044378698
Neill Blomkamp,3,0.044378698
Nick Love,3,0.044378698
Niels Arden Oplev,3,0.044378698
Noah Baumbach,3,0.044378698
Oliver Parker,3,0.044378698
P.J. Hogan,3,0.044378698
Paolo VirzÃƒÂ¬,3,0.044378698
Patricia Riggen,3,0.044378698
Patrick Lussier,3,0.044378698
Paul Haggis,3,0.044378698
Penelope Spheeris,3,0.044378698
Pete Travis,3,0.044378698
Peter Bogdanovich,3,0.044378698
Peter Hewitt,3,0.044378698
Peter Sollett,3,0.044378698
Phil Joanou,3,0.044378698
Richard Curtis,3,0.044378698
Richard Eyre,3,0.044378698
Richard Fleischer,3,0.044378698
Richard Kelly,3,0.044378698
Rob Bowman,3,0.044378698
Rob Letterman,3,0.044378698
Robert Aldrich,3,0.044378698
Robert Benton,3,0.044378698
Robert Wise,3,0.044378698
Roberto Benigni,3,0.044378698
Roger Kumble,3,0.044378698
Ronny Yu,3,0.044378698
Rupert Wyatt,3,0.044378698
Ryan Coogler,3,0.044378698
Sang-soo Hong,3,0.044378698
"Scott McGehee, David Siegel",3,0.044378698
Scott Stewart,3,0.044378698
Sean McNamara,3,0.044378698
Sean Penn,3,0.044378698
Sergei Bodrov,3,0.044378698
Seth MacFarlane,3,0.044378698
Shana Feste,3,0.044378698
Shekhar Kapur,3,0.044378698
Simon Curtis,3,0.044378698
Simon Wincer,3,0.044378698
Stanley Kramer,3,0.044378698
Stanley Tong,3,0.044378698
Stefan Ruzowitzky,3,0.044378698
Stephen Chow,3,0.044378698
Stephen Gaghan,3,0.044378698
Steve Buscemi,3,0.044378698
Steve Oedekerk,3,0.044378698
Steve Rash,3,0.044378698
Steven Knight,3,0.044378698
Steven Quale,3,0.044378698
Steven Zaillian,3,0.044378698
Stuart Baird,3,0.044378698
Stuart Gordon,3,0.044378698
Stuart Rosenberg,3,0.044378698
Susan Seidelman,3,0.044378698
Sylvain White,3,0.044378698
Takashi Miike,3,0.044378698
Takashi Shimizu,3,0.044378698
Ted Demme,3,0.044378698
Ted Kotcheff,3,0.044378698
Terence Young,3,0.044378698
Terry George,3,0.044378698
Thomas Carter,3,0.044378698
Thor Freudenthal,3,0.044378698
Ti West,3,0.044378698
Tim Blake Nelson,3,0.044378698
Tom DiCillo,3,0.044378698
Tom Holland,3,0.044378698
Tom McCarthy,3,0.044378698
Tomas Alfredson,3,0.044378698
Tony Gilroy,3,0.044378698
Trey Parker,3,0.044378698
Victor Salva,3,0.044378698
Walt Becker,3,0.044378698
Walter Salles,3,0.044378698
Warren Beatty,3,0.044378698
Wes Ball,3,0.044378698
William Brent Bell,3,0.044378698
William Dear,3,0.044378698
William Wyler,3,0.044378698
Wilson Yip,3,0.044378698
Wolfgang Reitherman,3,0.044378698
Woo-Ping Yuen,3,0.044378698
Xavier Dolan,3,0.044378698
Xavier Gens,3,0.044378698
Zach Braff,3,0.044378698
Aaron Woodley,2,0.029585799
Adam Green,2,0.029585799
Adam Robitel,2,0.029585799
Adam Sherman,2,0.029585799
Adrian Grunberg,2,0.029585799
Ãƒâ€°lie Chouraqui,2,0.029585799
Alan Metter,2,0.029585799
Alan Rudolph,2,0.029585799
Alan Taylor,2,0.029585799
Albert Brooks,2,0.029585799
Alejandro Monteverde,2,0.029585799
Alex Cox,2,0.029585799
Alex Garland,2,0.029585799
Alex Kurtzman,2,0.029585799
Alfonso Arau,2,0.029585799
Alfonso Gomez-Rejon,2,0.029585799
Allen Coulter,2,0.029585799
Amma Asante,2,0.029585799
Anand Tucker,2,0.029585799
AndrÃƒÂ© TÃƒÂ©chinÃƒÂ©,2,0.029585799
Andrea Arnold,2,0.029585799
Andrew Adamson,2,0.029585799
Andrew Bergman,2,0.029585799
"Andrew Lau, Alan Mak",2,0.029585799
Andrew Stanton,2,0.029585799
Andrucha Waddington,2,0.029585799
Andy Cadiff,2,0.029585799
Angela Robinson,2,0.029585799
Angelina Maccarone,2,0.029585799
Annemarie Jacir,2,0.029585799
Ari Aster,2,0.029585799
Ari Sandel,2,0.029585799
Arie Posin,2,0.029585799
Ariel Vromen,2,0.029585799
Arthur Penn,2,0.029585799
Ashutosh Gowariker,2,0.029585799
Audrey Wells,2,0.029585799
Avi Nesher,2,0.029585799
Babak Najafi,2,0.029585799
Baran bo Odar,2,0.029585799
Ben Lewin,2,0.029585799
Benedikt Erlingsson,2,0.029585799
Benny Boom,2,0.029585799
Benson Lee,2,0.029585799
Bill Paxton,2,0.029585799
Bille August,2,0.029585799
Billy Bob Thornton,2,0.029585799
Billy Ray,2,0.029585799
Brandon Camp,2,0.029585799
Brett Leonard,2,0.029585799
Brian A. Miller,2,0.029585799
Brian Baugh,2,0.029585799
Brian Henson,2,0.029585799
Brian Trenchard-Smith,2,0.029585799
Bronwen Hughes,2,0.029585799
Bruce McCulloch,2,0.029585799
Bruce McDonald,2,0.029585799
Bryan Bertino,2,0.029585799
Bryan Spicer,2,0.029585799
Buddy Van Horn,2,0.029585799
CÃƒÂ£lin Peter Netzer,2,0.029585799
Cal Brunker,2,0.029585799
Callie Khouri,2,0.029585799
Camille Delamarre,2,0.029585799
Catherine Breillat,2,0.029585799
Catherine Corsini,2,0.029585799
Chad Stahelski,2,0.029585799
Chris Koch,2,0.029585799
Chris Nahon,2,0.029585799
Chris Noonan,2,0.029585799
Chris Stokes,2,0.029585799
Chris Wedge,2,0.029585799
"Chris Wedge, Carlos Saldanha",2,0.029585799
"Chris Weitz, Paul Weitz",2,0.029585799
Christian Carion,2,0.029585799
Christine Jeffs,2,0.029585799
Christophe HonorÃƒÂ©,2,0.029585799
Christopher Menaul,2,0.029585799
Clare Kilner,2,0.029585799
Clark Johnson,2,0.029585799
Claudia Myers,2,0.029585799
Clive Barker,2,0.029585799
Colin Higgins,2,0.029585799
"Colin Strause, Greg Strause",2,0.029585799
Costa-Gavras,2,0.029585799
Craig Mazin,2,0.029585799
Craig Zobel,2,0.029585799
Cristi Puiu,2,0.029585799
Cristian Mungiu,2,0.029585799
Dagur KÃƒÂ¡ri,2,0.029585799
Daisy von Scherler Mayer,2,0.029585799
Dan Fogelman,2,0.029585799
Dan Gilroy,2,0.029585799
DaniÃƒÂ¨le Thompson,2,0.029585799
Daniel Alfredson,2,0.029585799
Daniel Barnz,2,0.029585799
Daniel Lee,2,0.029585799
Daniel Stamm,2,0.029585799
Danny Cannon,2,0.029585799
"Danny Pang, Oxide Chun Pang",2,0.029585799
Darrell Roodt,2,0.029585799
Dave Green,2,0.029585799
David Anspaugh,2,0.029585799
David E. Talbert,2,0.029585799
David G. Evans,2,0.029585799
David Hackl,2,0.029585799
David Jacobson,2,0.029585799
David Lowery,2,0.029585799
David M. Rosenthal,2,0.029585799
David McNally,2,0.029585799
David MichÃƒÂ´d,2,0.029585799
David Robert Mitchell,2,0.029585799
David Schwimmer,2,0.029585799
David Seltzer,2,0.029585799
David Soren,2,0.029585799
Davis Guggenheim,2,0.029585799
Dean DeBlois,2,0.029585799
"Dean DeBlois, Chris Sanders",2,0.029585799
Dean Israelite,2,0.029585799
Deborah Kampmeier,2,0.029585799
Denys Arcand,2,0.029585799
Derick Martini,2,0.029585799
Dexter Fletcher,2,0.029585799
DJ Pooh,2,0.029585799
Dome Karukoski,2,0.029585799
Don Bluth,2,0.029585799
Don McKellar,2,0.029585799
Don Michael Paul,2,0.029585799
Don Roos,2,0.029585799
Don Taylor,2,0.029585799
Douglas Aarniokoski,2,0.029585799
Drake Doremus,2,0.029585799
Drew Goddard,2,0.029585799
E. Elias Merhige,2,0.029585799
Ed Harris,2,0.029585799
Edward Norton,2,0.029585799
Elizabeth Banks,2,0.029585799
Emanuele Crialese,2,0.029585799
Eran Creevy,2,0.029585799
Eran Riklis,2,0.029585799
Eric Brevig,2,0.029585799
Eric Styles,2,0.029585799
Eric Valette,2,0.029585799
Ericson Core,2,0.029585799
Erik Poppe,2,0.029585799
Erik Van Looy,2,0.029585799
Ernie Barbarash,2,0.029585799
Etan Cohen,2,0.029585799
Ethan Hawke,2,0.029585799
"Evan Goldberg, Seth Rogen",2,0.029585799
Fabrice du Welz,2,0.029585799
Fatih Akin,2,0.029585799
Felix van Groeningen,2,0.029585799
Fernando LeÃƒÂ³n de Aranoa,2,0.029585799
Fernando Meirelles,2,0.029585799
Florent-Emilio Siri,2,0.029585799
Florian Gallenberger,2,0.029585799
Florian Henckel von Donnersmarck,2,0.029585799
Forest Whitaker,2,0.029585799
FranÃƒÂ§ois Girard,2,0.029585799
Franc. Reyes,2,0.029585799
Francis Veber,2,0.029585799
Franck Khalfoun,2,0.029585799
Frank Capra,2,0.029585799
"Frank Miller, Robert Rodriguez",2,0.029585799
Fred Durst,2,0.029585799
Fred Walton,2,0.029585799
Fred Wolf,2,0.029585799
Fred Zinnemann,2,0.029585799
Gareth Evans,2,0.029585799
Garth Jennings,2,0.029585799
Geoff Murphy,2,0.029585799
Geoffrey Sax,2,0.029585799
George Armitage,2,0.029585799
George Cukor,2,0.029585799
George Gallo,2,0.029585799
George Nolfi,2,0.029585799
Gil Junger,2,0.029585799
Gilles Paquet-Brenner,2,0.029585799
Glen Morgan,2,0.029585799
Glenn Gordon Caron,2,0.029585799
Gordon Chan,2,0.029585799
Graham Baker,2,0.029585799
Greg Harrison,2,0.029585799
"Greg Tiernan, Conrad Vernon",2,0.029585799
Gregor Jordan,2,0.029585799
Gregory Jacobs,2,0.029585799
Gregory Plotkin,2,0.029585799
Gustavo Ron,2,0.029585799
Guy Ferland,2,0.029585799
Guy Maddin,2,0.029585799
Guy Moshe,2,0.029585799
Hal Hartley,2,0.029585799
"Harry Elfont, Deborah Kaplan",2,0.029585799
Henry Bean,2,0.029585799
Hsiao-Hsien Hou,2,0.029585799
IstvÃƒÂ¡n SzabÃƒÂ³,2,0.029585799
J Blakeson,2,0.029585799
J.B. Rogers,2,0.029585799
Jaco Van Dormael,2,0.029585799
Jacob Estes,2,0.029585799
Jafar Panahi,2,0.029585799
Jake Schreier,2,0.029585799
Jalmari Helander,2,0.029585799
James Cox,2,0.029585799
James Fargo,2,0.029585799
James Marsh,2,0.029585799
James Watkins,2,0.029585799
Jamie Babbit,2,0.029585799
Jamie Blanks,2,0.029585799
Jason Moore,2,0.029585799
"Jaume BalaguerÃƒÂ³, Paco Plaza",2,0.029585799
Jean-Marie PoirÃƒÂ©,2,0.029585799
Jeff Kanew,2,0.029585799
Jeff Renfroe,2,0.029585799
Jeffrey Blitz,2,0.029585799
Jeffrey Nachmanoff,2,0.029585799
Jennifer Yuh Nelson,2,0.029585799
Jeremiah S. Chechik,2,0.029585799
Jeremy Saulnier,2,0.029585799
Jerry Zucker,2,0.029585799
Jessie Nelson,2,0.029585799
Jimmy Hayward,2,0.029585799
"Joachim RÃƒÂ¸nning, Espen Sandberg",2,0.029585799
Joanna Hogg,2,0.029585799
Joe Camp,2,0.029585799
Joe Cornish,2,0.029585799
Joe Pytka,2,0.029585799
Joel Edgerton,2,0.029585799
Joel Zwick,2,0.029585799
John A. Davis,2,0.029585799
John Carney,2,0.029585799
John Flynn,2,0.029585799
"John Francis Daley, Jonathan Goldstein",2,0.029585799
John Gulager,2,0.029585799
John Herzfeld,2,0.029585799
John Hyams,2,0.029585799
John Krasinski,2,0.029585799
John McNaughton,2,0.029585799
John Milius,2,0.029585799
John Patrick Shanley,2,0.029585799
John Polson,2,0.029585799
"Jon Hurwitz, Hayden Schlossberg",2,0.029585799
Jon S. Baird,2,0.029585799
Jon Wright,2,0.029585799
Jonathan Glazer,2,0.029585799
Jonathan Hensleigh,2,0.029585799
Jonathan Kasdan,2,0.029585799
Jordan Peele,2,0.029585799
JosÃƒÂ© Padilha,2,0.029585799
Joseph Sargent,2,0.029585799
Joseph Zito,2,0.029585799
Josh Trank,2,0.029585799
Joshua Michael Stern,2,0.029585799
Juan Carlos Fresnadillo,2,0.029585799
Juan JosÃƒÂ© Campanella,2,0.029585799
Julian Jarrold,2,0.029585799
Julie Anne Robinson,2,0.029585799
Julie Davis,2,0.029585799
Julien Temple,2,0.029585799
Keith Gordon,2,0.029585799
Ken Marino,2,0.029585799
Ken Russell,2,0.029585799
Ken Scott,2,0.029585799
Kenny Ortega,2,0.029585799
Kevin Allen,2,0.029585799
Kevin Bray,2,0.029585799
Kevin Greutert,2,0.029585799
Kevin Jordan,2,0.029585799
Kevin Lima,2,0.029585799
Kevin Munroe,2,0.029585799
Kevin Spacey,2,0.029585799
Kieran Darcy-Smith,2,0.029585799
Kiyoshi Kurosawa,2,0.029585799
Klaus HÃƒÂ¤rÃƒÂ¶,2,0.029585799
Kleber MendonÃƒÂ§a Filho,2,0.029585799
Kristian Levring,2,0.029585799
Kurt Wimmer,2,0.029585799
"Kyle Balda, Pierre Coffin",2,0.029585799
Kyle Newman,2,0.029585799
LÃƒÂ¡szlÃƒÂ³ Nemes,2,0.029585799
Lance Daly,2,0.029585799
Lawrence Guterman,2,0.029585799
Leigh Whannell,2,0.029585799
Lewis Teague,2,0.029585799
"Logan Miller, Noah Miller",2,0.029585799
Luis Prieto,2,0.029585799
Lynn Shelton,2,0.029585799
Lynne Ramsay,2,0.029585799
M.J. Bassett,2,0.029585799
Mabrouk El Mechri,2,0.029585799
Madonna,2,0.029585799
"MÃƒÂ¥ns MÃƒÂ¥rlind, BjÃƒÂ¶rn Stein",2,0.029585799
Mani Ratnam,2,0.029585799
Manoel de Oliveira,2,0.029585799
Marc Abraham,2,0.029585799
Marco Bellocchio,2,0.029585799
Marco Brambilla,2,0.029585799
Marco Kreuzpaintner,2,0.029585799
Marcos Siega,2,0.029585799
Marcus Dunstan,2,0.029585799
Marielle Heller,2,0.029585799
Mark Brown,2,0.029585799
Mark Dindal,2,0.029585799
Mark Mylod,2,0.029585799
Mark Pellington,2,0.029585799
Mark Romanek,2,0.029585799
Mars Callahan,2,0.029585799
Martin Guigui,2,0.029585799
Martin Koolhoven,2,0.029585799
Mateo Gil,2,0.029585799
"Matt Bettinelli-Olpin, Tyler Gillett",2,0.029585799
Matthew Bright,2,0.029585799
Mel Smith,2,0.029585799
Menahem Golan,2,0.029585799
Menno Meyjes,2,0.029585799
Mia Hansen-LÃƒÂ¸ve,2,0.029585799
Michael Almereyda,2,0.029585799
Michael Dougherty,2,0.029585799
Michael Gottlieb,2,0.029585799
Michael Landon Jr.,2,0.029585799
Michael Mayer,2,0.029585799
Michael Meredith,2,0.029585799
Michael Patrick King,2,0.029585799
Michael Rymer,2,0.029585799
Michael Showalter,2,0.029585799
Michael Sucsy,2,0.029585799
Michael Tollin,2,0.029585799
Mike Cahill,2,0.029585799
Mike Judge,2,0.029585799
Milcho Manchevski,2,0.029585799
Miranda July,2,0.029585799
Morten Tyldum,2,0.029585799
Nanni Moretti,2,0.029585799
Nelson McCormick,2,0.029585799
Nicholas McCarthy,2,0.029585799
Nicholas Meyer,2,0.029585799
Nima Nourizadeh,2,0.029585799
Ol Parker,2,0.029585799
Oliver Hirschbiegel,2,0.029585799
Olivier Dahan,2,0.029585799
"Olivier Nakache, Ãƒâ€°ric Toledano",2,0.029585799
Oren Moverman,2,0.029585799
Oren Peli,2,0.029585799
Orson Welles,2,0.029585799
Paco Cabezas,2,0.029585799
Panos Cosmatos,2,0.029585799
Pascal Chaumeil,2,0.029585799
Patrick Hughes,2,0.029585799
Patty Jenkins,2,0.029585799
Paul Fox,2,0.029585799
Paul King,2,0.029585799
Paul Mazursky,2,0.029585799
Paul Michael Glaser,2,0.029585799
Paul Weiland,2,0.029585799
Pawel Pawlikowski,2,0.029585799
Peter Billingsley,2,0.029585799
Peter Landesman,2,0.029585799
Peter Webber,2,0.029585799
Philipp StÃƒÂ¶lzl,2,0.029585799
Philippe Garrel,2,0.029585799
Phyllida Lloyd,2,0.029585799
"Pierre Coffin, Chris Renaud",2,0.029585799
Preston A. Whitmore II,2,0.029585799
Q. Allan Brocka,2,0.029585799
Quentin Dupieux,2,0.029585799
Rachel Talalay,2,0.029585799
Rachid Bouchareb,2,0.029585799
Rebecca Miller,2,0.029585799
Ric Roman Waugh,2,0.029585799
Richard Dutcher,2,0.029585799
Richard Franklin,2,0.029585799
"Richard Glatzer, Wash Westmoreland",2,0.029585799
Richard Lester,2,0.029585799
Richard Rush,2,0.029585799
Richard Shepard,2,0.029585799
Rick Rosenthal,2,0.029585799
Roar Uthaug,2,0.029585799
Robby Henson,2,0.029585799
Robert De Niro,2,0.029585799
Robert Eggers,2,0.029585799
Robert Harmon,2,0.029585799
Robert Mandel,2,0.029585799
Robert Towne,2,0.029585799
Rodrigo CortÃƒÂ©s,2,0.029585799
Roger Avary,2,0.029585799
Ron Maxwell,2,0.029585799
Rowan Joffe,2,0.029585799
Rowdy Herrington,2,0.029585799
Rupert Sanders,2,0.029585799
Rupert Wainwright,2,0.029585799
Ry Russo-Young,2,0.029585799
RyÃƒÂ»hei Kitamura,2,0.029585799
Ryan Murphy,2,0.029585799
S. Craig Zahler,2,0.029585799
Salim Akil,2,0.029585799
Sally Potter,2,0.029585799
Sam Firstenberg,2,0.029585799
Sam Levinson,2,0.029585799
Saul Dibb,2,0.029585799
Scott Frank,2,0.029585799
Scott Mann,2,0.029585799
Scott Speer,2,0.029585799
Sean Baker,2,0.029585799
Sean S. Cunningham,2,0.029585799
Shane Carruth,2,0.029585799
"Shari Springer Berman, Robert Pulcini",2,0.029585799
Sharon Maguire,2,0.029585799
Sidney J. Furie,2,0.029585799
Simon Wells,2,0.029585799
Stanley Donen,2,0.029585799
Stephen Chbosky,2,0.029585799
Stephen Kay,2,0.029585799
Stephen Norrington,2,0.029585799
Steve Beck,2,0.029585799
Steve Gomer,2,0.029585799
Steve Taylor,2,0.029585799
Steven Shainberg,2,0.029585799
Stewart Hendler,2,0.029585799
Stuart Beattie,2,0.029585799
Sylvain Chomet,2,0.029585799
Tarik Saleh,2,0.029585799
"Ted Berman, Richard Rich",2,0.029585799
Ted Post,2,0.029585799
Terence Davies,2,0.029585799
Terry Zwigoff,2,0.029585799
Theodore Melfi,2,0.029585799
Thomas Bezucha,2,0.029585799
Tim McCann,2,0.029585799
Tim Miller,2,0.029585799
Tim Robbins,2,0.029585799
Tina Gordon,2,0.029585799
Tod Williams,2,0.029585799
Todd Field,2,0.029585799
Todd Graff,2,0.029585799
Todd Robinson,2,0.029585799
Todd Strauss-Schulson,2,0.029585799
Tom Brady,2,0.029585799
Tom Ford,2,0.029585799
Tom Hanks,2,0.029585799
Tom McGrath,2,0.029585799
Tom Vaughan,2,0.029585799
Tommy Lee Jones,2,0.029585799
Tommy O'Haver,2,0.029585799
Tommy Wirkola,2,0.029585799
Tony Leondis,2,0.029585799
Travis Knight,2,0.029585799
Trish Sie,2,0.029585799
Troy Duffy,2,0.029585799
Uli Edel,2,0.029585799
Ulu Grosbard,2,0.029585799
Vadim Perelman,2,0.029585799
"Victor Fleming, George Cukor",2,0.029585799
Vincent Gallo,2,0.029585799
"Vincent Paronnaud, Marjane Satrapi",2,0.029585799
Vincente Minnelli,2,0.029585799
Vincenzo Natali,2,0.029585799
Willard Huyck,2,0.029585799
William Malone,2,0.029585799
Yorgos Lanthimos,2,0.029585799
Zak Penn,2,0.029585799
"Aaron Blaise, Robert Walker",1,0.014792899
"Aaron Horvath, Peter Rida Michail",1,0.014792899
Aaron Schneider,1,0.014792899
"Aaron Seltzer, Jason Friedberg",1,0.014792899
Aaron Sorkin,1,0.014792899
Aaron Wilson,1,0.014792899
Abbas Kiarostami,1,0.014792899
"Abby Kohn, Marc Silverstein",1,0.014792899
Abdellah Taia,1,0.014792899
Abdellatif Kechiche,1,0.014792899
Abderrahmane Sissako,1,0.014792899
Abe Sylvia,1,0.014792899
Adam Bhala Lough,1,0.014792899
"Adam Carolla, Kevin Hench",1,0.014792899
Adam Goldberg,1,0.014792899
"Adam Green, Joel David Moore",1,0.014792899
Adam Marcus,1,0.014792899
Adam Randall,1,0.014792899
Adam Rapp,1,0.014792899
Adam Rifkin,1,0.014792899
Adam Rodgers,1,0.014792899
Adam Salky,1,0.014792899
"Adil El Arbi, Bilall Fallah",1,0.014792899
Adina Pintilie,1,0.014792899
Adrienne Shelly,1,0.014792899
Ãƒâ€°mile Gaudreault,1,0.014792899
Agnieszka Wojtowicz-Vosloo,1,0.014792899
Aisling Walsh,1,0.014792899
Aislinn Clarke,1,0.014792899
Akiva Goldsman,1,0.014792899
Akiva Schaffer,1,0.014792899
"Akiva Schaffer, Jorma Taccone",1,0.014792899
Al Corley,1,0.014792899
Alain Resnais,1,0.014792899
Alan Cohn,1,0.014792899
Alan Johnson,1,0.014792899
Alan Myerson,1,0.014792899
Alan Poul,1,0.014792899
Alan Shapiro,1,0.014792899
Albert Hughes,1,0.014792899
Albert Magnoli,1,0.014792899
Albert Serra,1,0.014792899
Alberto Arvelo,1,0.014792899
Alejandro Agresti,1,0.014792899
Alejandro Chomski,1,0.014792899
Alejandro Jodorowsky,1,0.014792899
Alejandro Springall,1,0.014792899
Aleksander Bach,1,0.014792899
Aleksandr Rogozhkin,1,0.014792899
Aleksandr Sokurov,1,0.014792899
Aleksey German,1,0.014792899
Aleksey Popogrebskiy,1,0.014792899
"Alessandro Carloni, Jennifer Yuh Nelson",1,0.014792899
"Alex Brewer, Benjamin Brewer",1,0.014792899
Alex Holdridge,1,0.014792899
Alex Rivera,1,0.014792899
"Alex Smith, Andrew J. Smith",1,0.014792899
Alex van Warmerdam,1,0.014792899
Alexander Bulkley,1,0.014792899
Alexander Mackendrick,1,0.014792899
Alexander Nevsky,1,0.014792899
Alexander Witt,1,0.014792899
Alexandra-Therese Keining,1,0.014792899
Alexandre Moors,1,0.014792899
Alexandros Avranas,1,0.014792899
Alexis Lloyd,1,0.014792899
Ali Selim,1,0.014792899
Alice Lowe,1,0.014792899
Alice Rohrwacher,1,0.014792899
Alice Waddington,1,0.014792899
Alison Maclean,1,0.014792899
Alister Grierson,1,0.014792899
Allan A. Goldstein,1,0.014792899
Allan Arkush,1,0.014792899
Allen Hughes,1,0.014792899
Allen Wolf,1,0.014792899
"Allison Anders, Kurt Voss",1,0.014792899
Alrick Brown,1,0.014792899
Amat Escalante,1,0.014792899
Amnon Buchbinder,1,0.014792899
Amos Gitai,1,0.014792899
Ana Lily Amirpour,1,0.014792899
Anders Anderson,1,0.014792899
Anders Walter,1,0.014792899
AndrÃƒÂ© ÃƒËœvredal,1,0.014792899
AndrÃƒÂ©s Wood,1,0.014792899
Andrea Berloff,1,0.014792899
Andrea Di Stefano,1,0.014792899
"Andrew Adamson, Kelly Asbury",1,0.014792899
"Andrew Adamson, Vicky Jenson",1,0.014792899
Andrew Currie,1,0.014792899
Andrew Dosunmu,1,0.014792899
Andrew Douglas,1,0.014792899
Andrew Haigh,1,0.014792899
Andrew Hyatt,1,0.014792899
Andrew Jay Cohen,1,0.014792899
Andrew Lau,1,0.014792899
"Andrew Lau, Andrew Loo",1,0.014792899
Andrew Morahan,1,0.014792899
Andrew Sipes,1,0.014792899
"Andrew Stanton, Angus MacLane",1,0.014792899
"Andrew Stanton, Lee Unkrich",1,0.014792899
"Andrew Wilson, Luke Wilson",1,0.014792899
"Andrey Konchalovskiy, Albert Magnoli",1,0.014792899
Andrzej Wajda,1,0.014792899
Andy Cheng,1,0.014792899
Andy Garcia,1,0.014792899
Andy Goddard,1,0.014792899
"Andy Hamilton, Guy Jenkin",1,0.014792899
Aneesh Chaganty,1,0.014792899
Angelo Pizzo,1,0.014792899
Anna Foerster,1,0.014792899
Anna Muylaert,1,0.014792899
Anne De Salvo,1,0.014792899
Annette Haywood-Carter,1,0.014792899
"Anthony Bell, Ben Gluck",1,0.014792899
Anthony Byrne,1,0.014792899
Anthony Hemingway,1,0.014792899
Anthony Hickox,1,0.014792899
Anthony Leonardi III,1,0.014792899
Anthony Silverston,1,0.014792899
Anthony Waller,1,0.014792899
Antoine de Caunes,1,0.014792899
"Antoine Delesvaux, Joann Sfar",1,0.014792899
Anton Bormatov,1,0.014792899
Antonia Bird,1,0.014792899
Antonio Banderas,1,0.014792899
"Antonio Naharro, ÃƒÂlvaro Pastor",1,0.014792899
Antonio Serrano,1,0.014792899
Antony Hoffman,1,0.014792899
Anubhav Sinha,1,0.014792899
Anurag Basu,1,0.014792899
Anurag Kashyap,1,0.014792899
Ari Gold,1,0.014792899
Arlene Sanford,1,0.014792899
Armand Mastroianni,1,0.014792899
Armando Iannucci,1,0.014792899
"Armen Kaprelian, Kent Llewellyn",1,0.014792899
Arnaud Desplechin,1,0.014792899
Asger Leth,1,0.014792899
Ash Brannon,1,0.014792899
"Ash Brannon, Chris Buck",1,0.014792899
Asli Ãƒâ€“zge,1,0.014792899
Ate de Jong,1,0.014792899
Austin Chick,1,0.014792899
Austin Stark,1,0.014792899
Babak Jalali,1,0.014792899
Barbara Albert,1,0.014792899
Barbra Streisand,1,0.014792899
Barry Battles,1,0.014792899
"Barry Cook, Neil Nightingale",1,0.014792899
Barry Skolnick,1,0.014792899
Basil Dearden,1,0.014792899
Beeban Kidron,1,0.014792899
Ben Coccio,1,0.014792899
Ben Hernandez Bray,1,0.014792899
"Ben Nott, Morgan O'Neill",1,0.014792899
Ben Palmer,1,0.014792899
"Ben Stassen, Mimi Maynard",1,0.014792899
Benedek Fliegauf,1,0.014792899
Benh Zeitlin,1,0.014792899
BenjamÃƒÂ­n ÃƒÂvila,1,0.014792899
Benjamin Dickinson,1,0.014792899
Benjamin Heisenberg,1,0.014792899
Benni Diez,1,0.014792899
Benny Chan,1,0.014792899
"Benny Safdie, Josh Safdie",1,0.014792899
"BenoÃƒÂ®t DelÃƒÂ©pine, Gustave Kervern",1,0.014792899
Bent Hamer,1,0.014792899
Bertrand Bonello,1,0.014792899
Bethany Ashton Wolf,1,0.014792899
Bette Gordon,1,0.014792899
"Bibo Bergeron, Don Paul",1,0.014792899
"Bibo Bergeron, Vicky Jenson",1,0.014792899
"Bill Boyce, John Stronach",1,0.014792899
Bill CouturiÃƒÂ©,1,0.014792899
Bill Forsyth,1,0.014792899
Bill Guttentag,1,0.014792899
Bill Holderman,1,0.014792899
Bill Kroyer,1,0.014792899
Bill Plympton,1,0.014792899
Bill Pohlad,1,0.014792899
Billy Kent,1,0.014792899
Billy O'Brien,1,0.014792899
Blair Hayes,1,0.014792899
Blair Treu,1,0.014792899
Bo Burnham,1,0.014792899
Bo Welch,1,0.014792899
Bob Dolman,1,0.014792899
Bob Giraldi,1,0.014792899
Bob Odenkirk,1,0.014792899
"Bob Persichetti, Peter Ramsey",1,0.014792899
Bob Rafelson,1,0.014792899
Bob Spiers,1,0.014792899
Bobby Moresco,1,0.014792899
Bonnie Hunt,1,0.014792899
Boris Rodriguez,1,0.014792899
"Brad Bird, Jan Pinkava",1,0.014792899
Bradley Cooper,1,0.014792899
Bradley King,1,0.014792899
Bradley Rust Gray,1,0.014792899
Brady Corbet,1,0.014792899
Brandon Cronenberg,1,0.014792899
"Brandon Trost, Jason Trost",1,0.014792899
"Brenda Chapman, Steve Hickner",1,0.014792899
"Brendan Malloy, Emmett Malloy",1,0.014792899
Brendan Muldowney,1,0.014792899
Brian Dannelly,1,0.014792899
Brian Fee,1,0.014792899
Brian Gibson,1,0.014792899
Brian Hecker,1,0.014792899
Brian Jun,1,0.014792899
"Brian Klugman, Lee Sternthal",1,0.014792899
"Brian Koppelman, David Levien",1,0.014792899
Brian Percival,1,0.014792899
Brian Savelson,1,0.014792899
Brian Taylor,1,0.014792899
Brian Yuzna,1,0.014792899
Britt Allcroft,1,0.014792899
Brooks Branch,1,0.014792899
Bruce A. Evans,1,0.014792899
Bruce Campbell,1,0.014792899
"Bruce Dellis, Jason Marsden",1,0.014792899
Bruce Hunt,1,0.014792899
Bruce La Bruce,1,0.014792899
Bruce Leddy,1,0.014792899
Bruce Malmuth,1,0.014792899
"Bruce Malmuth, Gary Nelson",1,0.014792899
Bruce Paltrow,1,0.014792899
Bruce Robinson,1,0.014792899
Bruno Barreto,1,0.014792899
Bryan Barber,1,0.014792899
Bryan Buckley,1,0.014792899
Bryan Gunnar Cole,1,0.014792899
Bryan Johnson,1,0.014792899
Bryan Ramirez,1,0.014792899
Bud S. Smith,1,0.014792899
Burt Reynolds,1,0.014792899
Buzz Kulik,1,0.014792899
Byambasuren Davaa,1,0.014792899
"Byron Howard, Chris Williams",1,0.014792899
"Byron Howard, Rich Moore",1,0.014792899
C. Jay Cox,1,0.014792899
CÃƒÂ©dric Jimenez,1,0.014792899
CÃƒÂ©line Sciamma,1,0.014792899
Cam Archer,1,0.014792899
"Campbell Scott, Stanley Tucci",1,0.014792899
Cao Hamburger,1,0.014792899
Caradog W. James,1,0.014792899
Carl Bessai,1,0.014792899
Carl Colpaert,1,0.014792899
Carl Rinsch,1,0.014792899
Carla SimÃƒÂ³n,1,0.014792899
Carlos Avila,1,0.014792899
Carlos Carrera,1,0.014792899
"Carlos Saldanha, Mike Thurmeier",1,0.014792899
Carmen MarrÃƒÂ³n,1,0.014792899
Carmine Cangialosi,1,0.014792899
Carol Morley,1,0.014792899
Carolina HellsgÃƒÂ¥rd,1,0.014792899
Caroline Bottaro,1,0.014792899
Caroline Link,1,0.014792899
Carter Smith,1,0.014792899
Cary Joji Fukunaga,1,0.014792899
Caryn Waechter,1,0.014792899
Casey La Scala,1,0.014792899
Catalina Aguilar Mastretta,1,0.014792899
Cate Shortland,1,0.014792899
"Cathy Malkasian, Jeff McGrath",1,0.014792899
Cedric Nicolas-Troyan,1,0.014792899
Cesc Gay,1,0.014792899
Chad Hartigan,1,0.014792899
"Chad Stahelski, David Leitch",1,0.014792899
Chang-dong Lee,1,0.014792899
Charles Burnett,1,0.014792899
"Charles Crichton, John Cleese",1,0.014792899
Charles E. Sellier Jr.,1,0.014792899
Charles Laughton,1,0.014792899
Charles Robert Carner,1,0.014792899
Charles S. Dutton,1,0.014792899
Charles T. Kanganis,1,0.014792899
"Charlie Bean, Paul Fisher",1,0.014792899
Charlie Kaufman,1,0.014792899
Charlie McDowell,1,0.014792899
Cheryl Dunye,1,0.014792899
Chi-Leung Law,1,0.014792899
"Chia-Liang Liu, Jackie Chan",1,0.014792899
Chris Addison,1,0.014792899
"Chris Buck, Jennifer Lee",1,0.014792899
"Chris Buck, Kevin Lima",1,0.014792899
Chris Butler,1,0.014792899
"Chris Butler, Sam Fell",1,0.014792899
Chris Carter,1,0.014792899
Chris Eigeman,1,0.014792899
Chris Eska,1,0.014792899
Chris Eyre,1,0.014792899
Chris Fisher,1,0.014792899
Chris Gorak,1,0.014792899
Chris Graham,1,0.014792899
Chris Kentis,1,0.014792899
"Chris Kentis, Laura Lau",1,0.014792899
Chris Mason Johnson,1,0.014792899
Chris McKay,1,0.014792899
Chris Miller,1,0.014792899
"Chris Miller, Raman Hui",1,0.014792899
"Chris Renaud, Jonathan del Val",1,0.014792899
"Chris Renaud, Kyle Balda",1,0.014792899
"Chris Renaud, Yarrow Cheney",1,0.014792899
Chris Roberts,1,0.014792899
Chris Robinson,1,0.014792899
Chris Sivertson,1,0.014792899
Chris Ver Wiel,1,0.014792899
"Christian Desmares, Franck Ekinci",1,0.014792899
Christian Ditter,1,0.014792899
Christian E. Christiansen,1,0.014792899
Christian Gudegast,1,0.014792899
Christian Rivers,1,0.014792899
Christian Vincent,1,0.014792899
Christian Volckman,1,0.014792899
Christine Lahti,1,0.014792899
Christine Yoo,1,0.014792899
Christophe Barratier,1,0.014792899
Christophe Van Rompaey,1,0.014792899
Christopher Erskin,1,0.014792899
Christopher Hampton,1,0.014792899
Christopher Leitch,1,0.014792899
Christopher Papakaliatis,1,0.014792899
Christopher Smith,1,0.014792899
Christopher Spencer,1,0.014792899
Christopher Sun,1,0.014792899
Chuan Lu,1,0.014792899
"Chuck Konzelman, Cary Solomon",1,0.014792899
Chuck Sheetz,1,0.014792899
CiarÃƒÂ¡n Foy,1,0.014792899
Ciro Guerra,1,0.014792899
Claire McCarthy,1,0.014792899
Clare Peploe,1,0.014792899
Clark Gregg,1,0.014792899
Claude Barras,1,0.014792899
Claude Miller,1,0.014792899
"Claude Miller, Nathan Miller",1,0.014792899
Claudia Llosa,1,0.014792899
Claudia Sainte-Luce,1,0.014792899
"Clay Kaytis, Fergal Reilly",1,0.014792899
Clive Tonge,1,0.014792899
Clyde Geronimi,1,0.014792899
"Clyde Geronimi, Hamilton Luske",1,0.014792899
"Cody Cameron, Kris Pearn",1,0.014792899
"Colin Brady, Christopher Reeve",1,0.014792899
Colin Minihan,1,0.014792899
"Colin Minihan, Stuart Ortiz",1,0.014792899
Colm McCarthy,1,0.014792899
Conor Allyn,1,0.014792899
Conor McPherson,1,0.014792899
Corey Yuen,1,0.014792899
Corin Hardy,1,0.014792899
"Cory Edwards, Todd Edwards",1,0.014792899
Cory Finley,1,0.014792899
Courtney Hunt,1,0.014792899
Craig Bolotin,1,0.014792899
Craig Lucas,1,0.014792899
Craig M. Saavedra,1,0.014792899
Craig McCracken,1,0.014792899
Craig R. Baxley,1,0.014792899
"Crispian Mills, Chris Hopewell",1,0.014792899
Cristina Comencini,1,0.014792899
Cyrus Nowrasteh,1,0.014792899
Dallas Jenkins,1,0.014792899
Dalton Trumbo,1,0.014792899
DamiÃƒÂ¡n Szifron,1,0.014792899
Damian Harris,1,0.014792899
Damian Nieman,1,0.014792899
Damiano Damiani,1,0.014792899
Damien Dante Wayans,1,0.014792899
Damien O'Donnell,1,0.014792899
Damien Power,1,0.014792899
Damon Santostefano,1,0.014792899
Dan Bradley,1,0.014792899
Dan Bush,1,0.014792899
Dan Gildark,1,0.014792899
Dan Harris,1,0.014792899
Dan Ireland,1,0.014792899
"Dan Kwan, Daniel Scheinert",1,0.014792899
Dan Mazer,1,0.014792899
Dan O'Bannon,1,0.014792899
Dan Rush,1,0.014792899
Dan Scanlon,1,0.014792899
Dan Trachtenberg,1,0.014792899
Dana Adam Shapiro,1,0.014792899
Daniel Adams,1,0.014792899
Daniel Algrant,1,0.014792899
Daniel Attias,1,0.014792899
Daniel Barber,1,0.014792899
Daniel Benmayor,1,0.014792899
Daniel Lusko,1,0.014792899
Daniel Myrick,1,0.014792899
"Daniel Myrick, Eduardo SÃƒÂ¡nchez",1,0.014792899
Daniel Petrie,1,0.014792899
Daniel Petrie Jr.,1,0.014792899
Daniel Sackheim,1,0.014792899
Daniel Schechter,1,0.014792899
Daniel Stern,1,0.014792899
Daniel Taplitz,1,0.014792899
Daniel Waters,1,0.014792899
Daniele Luchetti,1,0.014792899
Danis Tanovic,1,0.014792899
"Danny Boyle, Loveleen Tandan",1,0.014792899
Danny Green,1,0.014792899
Danny Steinmann,1,0.014792899
"Dario Argento, George A. Romero",1,0.014792899
Darko Lungulov,1,0.014792899
Darnell Martin,1,0.014792899
"Darrel Campbell, Kevin McAfee",1,0.014792899
Darren Doane,1,0.014792899
Darren Grant,1,0.014792899
Darren Stein,1,0.014792899
Daryl Wein,1,0.014792899
"Dave Borthwick, Jean Duval",1,0.014792899
Dave Filoni,1,0.014792899
Dave McKean,1,0.014792899
Dave Meyers,1,0.014792899
David Atkins,1,0.014792899
"David Bowers, Sam Fell",1,0.014792899
David Brooks,1,0.014792899
"David Bruckner, Dan Bush",1,0.014792899
David Burton Morris,1,0.014792899
David Carson,1,0.014792899
David Chase,1,0.014792899
David DeFalco,1,0.014792899
David Duchovny,1,0.014792899
"David Foenkinos, StÃƒÂ©phane Foenkinos",1,0.014792899
David Gelb,1,0.014792899
David Hayter,1,0.014792899
David Kellogg,1,0.014792899
David Kerr,1,0.014792899
David L. Cunningham,1,0.014792899
David L. Hunt,1,0.014792899
David Mirkin,1,0.014792899
"David Moreau, Xavier Palud",1,0.014792899
David Munro,1,0.014792899
"David Nixon, Patrick Doughtie",1,0.014792899
David Oelhoffen,1,0.014792899
"David Palmer, Dax Shepard",1,0.014792899
David Pomes,1,0.014792899
David Price,1,0.014792899
David RÃƒÂ¼hm,1,0.014792899
David Raynr,1,0.014792899
David Scheinmann,1,0.014792899
David Silverman,1,0.014792899
David Von Ancken,1,0.014792899
David Weaver,1,0.014792899
David Yarovesky,1,0.014792899
Dax Shepard,1,0.014792899
Dean Devlin,1,0.014792899
Dean Wright,1,0.014792899
Deb Hagan,1,0.014792899
Debra Granik,1,0.014792899
Declan Recks,1,0.014792899
Dee Rees,1,0.014792899
Demian Lichtenstein,1,0.014792899
Denise Di Novi,1,0.014792899
Deniz Gamze ErgÃƒÂ¼ven,1,0.014792899
Dennis Gansel,1,0.014792899
Dennis Iliadis,1,0.014792899
Dennis Lee,1,0.014792899
Derek Jarman,1,0.014792899
Dermot Mulroney,1,0.014792899
Derrick Borte,1,0.014792899
Des McAnuff,1,0.014792899
Desmond Davis,1,0.014792899
Destin Daniel Cretton,1,0.014792899
Dewey Nicks,1,0.014792899
Diane English,1,0.014792899
Diane Keaton,1,0.014792899
Diederik Van Rooijen,1,0.014792899
Diego Luna,1,0.014792899
Diego Quemada-DÃƒÂ­ez,1,0.014792899
Dimitri Logothetis,1,0.014792899
Director X.,1,0.014792899
Dito Montiel,1,0.014792899
Dominik Moll,1,0.014792899
Dominique Othenin-Girard,1,0.014792899
Don Chaffey,1,0.014792899
"Don Hall, Chris Williams",1,0.014792899
Don Handfield,1,0.014792899
Don Mancini,1,0.014792899
Don Scardino,1,0.014792899
"Don Siegel, Peter R. Hunt",1,0.014792899
"Don Taylor, Mike Hodges",1,0.014792899
Donovan Marsh,1,0.014792899
"Dorota Kobiela, Hugh Welchman",1,0.014792899
Doug Atchison,1,0.014792899
Doug Ellin,1,0.014792899
Doug Lefler,1,0.014792899
Doug McHenry,1,0.014792899
Douglas Cheek,1,0.014792899
Douglas Trumbull,1,0.014792899
Drew Barrymore,1,0.014792899
Drew Pearce,1,0.014792899
Duane Adler,1,0.014792899
"Duke Johnson, Charlie Kaufman",1,0.014792899
Duncan Tucker,1,0.014792899
Dustin Hoffman,1,0.014792899
Dustin Marcellino,1,0.014792899
Dwight Yoakam,1,0.014792899
Dylan Baker,1,0.014792899
Dylan Brown,1,0.014792899
E.L. Katz,1,0.014792899
Ed Decter,1,0.014792899
Ed Gass-Donnelly,1,0.014792899
Ed Solomon,1,0.014792899
Eddie Murphy,1,0.014792899
Eddie O'Flaherty,1,0.014792899
Eddy Terstall,1,0.014792899
Edgar Reitz,1,0.014792899
Eduardo SÃƒÂ¡nchez,1,0.014792899
Edward Dmytryk,1,0.014792899
Edward James Olmos,1,0.014792899
"Efram Potelle, Kyle Rankin",1,0.014792899
Ekachai Uekrongtham,1,0.014792899
Elaine May,1,0.014792899
Eleanor Coppola,1,0.014792899
Elia Kazan,1,0.014792899
Elia Suleiman,1,0.014792899
Elissa Down,1,0.014792899
"Elizabeth Banks, Steven Brill",1,0.014792899
Elliot Greenebaum,1,0.014792899
Elliott Lester,1,0.014792899
Ellory Elkayem,1,0.014792899
Emiliano Rocha Minter,1,0.014792899
Emilio AragÃƒÂ³n,1,0.014792899
Emilio Estevez,1,0.014792899
Emma-Kate Croghan,1,0.014792899
Emmanuel Bourdieu,1,0.014792899
Emmanuelle Bercot,1,0.014792899
Enrique BegnÃƒÂ©,1,0.014792899
Eric Blakeney,1,0.014792899
"Eric Bress, J. Mackye Gruber",1,0.014792899
Eric Bross,1,0.014792899
Eric Byler,1,0.014792899
"Eric Darnell, Simon J. Smith",1,0.014792899
"Eric Darnell, Tim Johnson",1,0.014792899
Eric Eason,1,0.014792899
Eric Heisserer,1,0.014792899
"Eric Leighton, Ralph Zondag",1,0.014792899
Eric Mendelsohn,1,0.014792899
Eric Nicholas,1,0.014792899
Eric Schaeffer,1,0.014792899
"Eric Summer, Ãƒâ€°ric Warin",1,0.014792899
Eric Till,1,0.014792899
Eric Werthman,1,0.014792899
Erick Zonca,1,0.014792899
Erik Canuel,1,0.014792899
Erik SkjoldbjÃƒÂ¦rg,1,0.014792899
Erik White,1,0.014792899
Eriq La Salle,1,0.014792899
"Ethan Maniquis, Robert Rodriguez",1,0.014792899
Eugenio Derbez,1,0.014792899
Eva Aridjis,1,0.014792899
Evan Glodell,1,0.014792899
F. Javier GutiÃƒÂ©rrez,1,0.014792899
FabiÃƒÂ¡n Bielinsky,1,0.014792899
FÃƒÂ©lix EnrÃƒÂ­quez AlcalÃƒÂ¡,1,0.014792899
Farhad Mann,1,0.014792899
Farhad Safinia,1,0.014792899
Farhan Akhtar,1,0.014792899
Farren Blackburn,1,0.014792899
"Fatih Akin, Yvan Attal",1,0.014792899
Federico Veiroj,1,0.014792899
Fedor Bondarchuk,1,0.014792899
Felix Herngren,1,0.014792899
"Fenton Bailey, Randy Barbato",1,0.014792899
Ferenc TÃƒÂ¶rÃƒÂ¶k,1,0.014792899
Fernando Coimbra,1,0.014792899
"Fernando Meirelles, KÃƒÂ¡tia Lund",1,0.014792899
Fernando Trueba,1,0.014792899
Fina Torres,1,0.014792899
Finn Taylor,1,0.014792899
Fiona Tan,1,0.014792899
Fisher Stevens,1,0.014792899
Floria Sigismondi,1,0.014792899
FrÃƒÂ©dÃƒÂ©ric Auburtin,1,0.014792899
FrÃƒÂ©dÃƒÂ©ric Jardin,1,0.014792899
FrÃƒÂ©dÃƒÂ©ric Petitjean,1,0.014792899
Fran Rubel Kuzui,1,0.014792899
FranÃƒÂ§ois Ozon,1,0.014792899
FranÃƒÂ§ois Velle,1,0.014792899
Franc Roddam,1,0.014792899
Francesca Gregorini,1,0.014792899
"Francesca Gregorini, Tatiana von FÃƒÂ¼rstenberg",1,0.014792899
Francesco Lucente,1,0.014792899
Francine McDougall,1,0.014792899
"Francis Ford Coppola, Francis Ford Coppola",1,0.014792899
Franco Zeffirelli,1,0.014792899
Frank LaLoggia,1,0.014792899
Frank Miller,1,0.014792899
Frank Nissen,1,0.014792899
Frank Perry,1,0.014792899
Frank Pierson,1,0.014792899
Frank Sebastiano,1,0.014792899
Frank Whaley,1,0.014792899
Frant Gwo,1,0.014792899
Fred Andrews,1,0.014792899
Fred CavayÃƒÂ©,1,0.014792899
Fred Savage,1,0.014792899
"Fred Schepisi, Robert Young",1,0.014792899
Frederik Du Chau,1,0.014792899
Fredi M. Murer,1,0.014792899
Fritz Kiersch,1,0.014792899
Gabe IbÃƒÂ¡ÃƒÂ±ez,1,0.014792899
Gabe Torres,1,0.014792899
Gabor Csupo,1,0.014792899
Gabriel Bologna,1,0.014792899
Gabriel Range,1,0.014792899
Gaby Dellal,1,0.014792899
GÃƒÂ©rard Krawczyk,1,0.014792899
Gail Mancuso,1,0.014792899
Galt Niederhoffer,1,0.014792899
Garth Davis,1,0.014792899
"Garth Jennings, Christophe Lourdelet",1,0.014792899
Gary Burns,1,0.014792899
Gary Chapman,1,0.014792899
Gary Dauberman,1,0.014792899
Gary David Goldberg,1,0.014792899
Gary Goddard,1,0.014792899
Gary Halvorson,1,0.014792899
Gary Hardwick,1,0.014792899
Gary McKendry,1,0.014792899
Gary Michael Schultz,1,0.014792899
Gary Nelson,1,0.014792899
Gary Sherman,1,0.014792899
Gary Shore,1,0.014792899
Gary Sinyor,1,0.014792899
Gee Malik Linton,1,0.014792899
Gene Kelly,1,0.014792899
Gene Saks,1,0.014792899
Gene Stupnitsky,1,0.014792899
"Geoff Moore, David Posamentier",1,0.014792899
Geoffrey Enthoven,1,0.014792899
Geoffrey Fletcher,1,0.014792899
George C. Wolfe,1,0.014792899
George Dunning,1,0.014792899
George Huang,1,0.014792899
George Mendeluk,1,0.014792899
George Mihalka,1,0.014792899
"George Miller, Gary Eck",1,0.014792899
"George Miller, George Ogilvie",1,0.014792899
"George Miller, Warren Coleman",1,0.014792899
"George P. Cosmatos, Kevin Jarre",1,0.014792899
George Pal,1,0.014792899
George Ratliff,1,0.014792899
George Scribner,1,0.014792899
"George Seaton, Henry Hathaway",1,0.014792899
George Stevens,1,0.014792899
"Gerald Potterton, John Bruno",1,0.014792899
Gerard McMurray,1,0.014792899
Giada Colagrande,1,0.014792899
Gianni Di Gregorio,1,0.014792899
Gil Cates Jr.,1,0.014792899
Gilbert Adler,1,0.014792899
Gillies MacKinnon,1,0.014792899
Gillo Pontecorvo,1,0.014792899
Giuseppe Capotondi,1,0.014792899
Glendyn Ivin,1,0.014792899
Glenn McQuaid,1,0.014792899
Gonzalo LÃƒÂ³pez-Gallego,1,0.014792899
GorÃƒÂ´ Miyazaki,1,0.014792899
Goran Dukic,1,0.014792899
Graeme Clifford,1,0.014792899
GrÃƒÂ©gory Levasseur,1,0.014792899
"Graham Annable, Anthony Stacchi",1,0.014792899
Grant Heslov,1,0.014792899
Greg Beeman,1,0.014792899
Greg Coolidge,1,0.014792899
Greg Marcks,1,0.014792899
Gregg Araki,1,0.014792899
Gregory Dark,1,0.014792899
Gregory Nava,1,0.014792899
Gregory Poirier,1,0.014792899
Greta Gerwig,1,0.014792899
Griffin Dunne,1,0.014792899
Guillermo Arriaga,1,0.014792899
Gulshat Omarova,1,0.014792899
Gustavo Taretto,1,0.014792899
GyÃƒÂ¶rgy PÃƒÂ¡lfi,1,0.014792899
"Hal Haberman, Jeremy Passmore",1,0.014792899
Hallie Meyers-Shyer,1,0.014792899
Ham Tran,1,0.014792899
Hamlet Sarkissian,1,0.014792899
Hans Canosa,1,0.014792899
Harry Thomason,1,0.014792899
Harry Winer,1,0.014792899
Hart Bochner,1,0.014792899
Hatsuki Tsuji,1,0.014792899
Hector Babenco,1,0.014792899
Helen Hunt,1,0.014792899
"Hendel Butoy, Mike Gabriel",1,0.014792899
Henry Alex Rubin,1,0.014792899
Henry Bromell,1,0.014792899
Herschel Faber,1,0.014792899
Hideo Nakata,1,0.014792899
Hilary Brougher,1,0.014792899
Hiromasa Yonebayashi,1,0.014792899
"Hironobu Sakaguchi, Motonori Sakakibara",1,0.014792899
Hisako Matsui,1,0.014792899
Hitoshi Matsumoto,1,0.014792899
Hlynur Palmason,1,0.014792899
Ho Yim,1,0.014792899
Hope Dickson Leach,1,0.014792899
Hossein Amini,1,0.014792899
Houda Benyamina,1,0.014792899
Howard Franklin,1,0.014792899
"Howard Franklin, Bill Murray",1,0.014792899
Howard Hawks,1,0.014792899
Howard McCain,1,0.014792899
Howard Storm,1,0.014792899
Hoyt Yeatman,1,0.014792899
"Huck Botko, Andrew Gurland",1,0.014792899
Hue Rhodes,1,0.014792899
Hugh Johnson,1,0.014792899
"Hunter Hill, Perry Moore",1,0.014792899
Hunter Richards,1,0.014792899
Hyung-rae Shim,1,0.014792899
Ian McCrudden,1,0.014792899
Ignacio Ferreras,1,0.014792899
Ilya Naishuller,1,0.014792899
Ingmar Bergman,1,0.014792899
IshirÃƒÂ´ Honda,1,0.014792899
Ismail Merchant,1,0.014792899
"Ismail Merchant, Madhur Jaffrey",1,0.014792899
Israel Horovitz,1,0.014792899
Ivan Passer,1,0.014792899
Ivan Sen,1,0.014792899
J.D. Dillard,1,0.014792899
J.P. Schaefer,1,0.014792899
J.S. Cardone,1,0.014792899
Jabbar Raisani,1,0.014792899
Jack Bender,1,0.014792899
Jack Clayton,1,0.014792899
Jack Nicholson,1,0.014792899
Jack Sholder,1,0.014792899
Jackie Earle Haley,1,0.014792899
Jacob Tierney,1,0.014792899
Jacques-RÃƒÂ©my Girerd,1,0.014792899
Jacques Thelemaque,1,0.014792899
JÃƒÂ©rÃƒÂ´me Salle,1,0.014792899
Jag Mundhra,1,0.014792899
Jake Paltrow,1,0.014792899
Jake Szymanski,1,0.014792899
Jalil Lespert,1,0.014792899
"James Algar, GaÃƒÂ«tan Brizzi",1,0.014792899
"James Algar, Samuel Armstrong",1,0.014792899
James Bolton,1,0.014792899
James Dodson,1,0.014792899
James Isaac,1,0.014792899
James Keach,1,0.014792899
James Komack,1,0.014792899
James Manera,1,0.014792899
"James Mather, Steve Saint Leger",1,0.014792899
James Mottern,1,0.014792899
James Signorelli,1,0.014792899
James Vanderbilt,1,0.014792899
James Ward Byrkit,1,0.014792899
James Westby,1,0.014792899
Jamie Travis,1,0.014792899
Jamie Uys,1,0.014792899
Jan-Ole Gerster,1,0.014792899
Jan SverÃƒÂ¡k,1,0.014792899
Jan Troell,1,0.014792899
Jane Anderson,1,0.014792899
Janus Metz,1,0.014792899
Janusz Kaminski,1,0.014792899
Jared Moshe,1,0.014792899
Jason Bateman,1,0.014792899
Jason Bloom,1,0.014792899
"Jason Cortlund, Julia Halperin",1,0.014792899
Jason Eisener,1,0.014792899
Jason Hall,1,0.014792899
Jason Todd Ipson,1,0.014792899
Jason Winer,1,0.014792899
Jason Zada,1,0.014792899
Jay Craven,1,0.014792899
Jay DiPietro,1,0.014792899
Jay Levey,1,0.014792899
Jayson Thiessen,1,0.014792899
Jean-Claude La Marre,1,0.014792899
"Jean-FranÃƒÂ§ois Pouliot, FranÃƒÂ§ois Brisson",1,0.014792899
Jean-Paul Civeyrac,1,0.014792899
Jean-Paul Rappeneau,1,0.014792899
"Jean-Pierre Dardenne, Luc Dardenne",1,0.014792899
Jeb Stuart,1,0.014792899
Jeff Baena,1,0.014792899
Jeff Broadstreet,1,0.014792899
Jeff Burr,1,0.014792899
Jeff Franklin,1,0.014792899
Jeff Garlin,1,0.014792899
Jeff Lowell,1,0.014792899
Jeff Pollack,1,0.014792899
"Jeff Schaffer, Alec Berg",1,0.014792899
Jeff Stanzler,1,0.014792899
Jeff Tomsic,1,0.014792899
Jeff Tremaine,1,0.014792899
Jeffrey W. Byrd,1,0.014792899
"Jemaine Clement, Taika Waititi",1,0.014792899
"Jennifer Flackett, Mark Levin",1,0.014792899
Jennifer Kent,1,0.014792899
Jennifer Lynch,1,0.014792899
Jennifer Westfeldt,1,0.014792899
Jenny Gage,1,0.014792899
Jeong-hyang Lee,1,0.014792899
Jeremiah Birnbaum,1,0.014792899
"Jeremy Degruson, Ben Stassen",1,0.014792899
Jeremy Garelick,1,0.014792899
Jeremy Haft,1,0.014792899
Jeremy Kagan,1,0.014792899
Jeremy Leven,1,0.014792899
Jeremy Podeswa,1,0.014792899
Jeremy Power Regimbal,1,0.014792899
Jeremy Sims,1,0.014792899
Jeremy Thomas,1,0.014792899
"Jerome Robbins, Robert Wise",1,0.014792899
Jerry Jameson,1,0.014792899
"Jerry Paris, James Signorelli",1,0.014792899
Jerry Schatzberg,1,0.014792899
Jerry Zaks,1,0.014792899
Jerusha Hess,1,0.014792899
Jerzy Skolimowski,1,0.014792899
Jesse Peretz,1,0.014792899
Jesse V. Johnson,1,0.014792899
Jesse Vaughan,1,0.014792899
Jessica Hausner,1,0.014792899
Jessy Terrero,1,0.014792899
Jeta Amata,1,0.014792899
Jez Butterworth,1,0.014792899
Jieho Lee,1,0.014792899
"Jill Culton, Todd Wilderman",1,0.014792899
Jill Sprecher,1,0.014792899
Jim Abrahams,1,0.014792899
Jim Cummings,1,0.014792899
Jim Fall,1,0.014792899
Jim Field Smith,1,0.014792899
Jim Gillespie,1,0.014792899
Jim Goddard,1,0.014792899
Jim Hanon,1,0.014792899
Jim Henson,1,0.014792899
"Jim Henson, Frank Oz",1,0.014792899
Jim Kohlberg,1,0.014792899
Jim Loach,1,0.014792899
Jim Mickle,1,0.014792899
Jim O'Hanlon,1,0.014792899
Jim Sharman,1,0.014792899
Jim Sonzero,1,0.014792899
Jim Strouse,1,0.014792899
Jim Wilson,1,0.014792899
Jim Wynorski,1,0.014792899
"Jimmy Hayward, Steve Martino",1,0.014792899
Jin-ho Hur,1,0.014792899
Jing Wu,1,0.014792899
Joachim RÃƒÂ¸nning,1,0.014792899
Joachim Trier,1,0.014792899
"JoÃƒÂ£o Dumans, Affonso Uchoa",1,0.014792899
JoÃƒÂ£o Pedro Rodrigues,1,0.014792899
Joan Chen,1,0.014792899
Joann Sfar,1,0.014792899
Joby Harold,1,0.014792899
Jocelyn Moorhouse,1,0.014792899
Jodi Scurfield,1,0.014792899
Jody Hill,1,0.014792899
Jody Lambert,1,0.014792899
Joe Alves,1,0.014792899
Joe Berlinger,1,0.014792899
Joe Chappelle,1,0.014792899
Joe Charbanic,1,0.014792899
"Joe Dante, John Landis",1,0.014792899
Joe Menendez,1,0.014792899
Joe Penna,1,0.014792899
Joe Swanberg,1,0.014792899
Joel Gallen,1,0.014792899
Joel Hershman,1,0.014792899
Joel Hopkins,1,0.014792899
Joel Souza,1,0.014792899
Joey Lauren Adams,1,0.014792899
Joey Travolta,1,0.014792899
Johan Renck,1,0.014792899
John Alan Simon,1,0.014792899
John Asher,1,0.014792899
John Bonito,1,0.014792899
John Bruno,1,0.014792899
John Butler,1,0.014792899
John Carl Buechler,1,0.014792899
John Cornell,1,0.014792899
John D. Hancock,1,0.014792899
John Deery,1,0.014792899
John Derek,1,0.014792899
John Duigan,1,0.014792899
"John Eng, Norton Virgien",1,0.014792899
John Fawcett,1,0.014792899
"John Ford, Henry Hathaway",1,0.014792899
John Fortenberry,1,0.014792899
John G. Young,1,0.014792899
John Gatins,1,0.014792899
John Gray,1,0.014792899
John H. Lee,1,0.014792899
John Harrison,1,0.014792899
John Hoffman,1,0.014792899
John Lafia,1,0.014792899
John Lasseter,1,0.014792899
"John Lasseter, Andrew Stanton",1,0.014792899
"John Lasseter, Ash Brannon",1,0.014792899
"John Lasseter, Bradford Lewis",1,0.014792899
"John Lasseter, Joe Ranft",1,0.014792899
John Leekley,1,0.014792899
"John Lounsbery, Wolfgang Reitherman",1,0.014792899
John Luessenhop,1,0.014792899
John Mackenzie,1,0.014792899
John Maclean,1,0.014792899
John Maybury,1,0.014792899
John McKay,1,0.014792899
"John McTiernan, Michael Crichton",1,0.014792899
John Michael McDonagh,1,0.014792899
John N. Smith,1,0.014792899
John Ottman,1,0.014792899
John Pogue,1,0.014792899
John Putch,1,0.014792899
John Simpson,1,0.014792899
John Slattery,1,0.014792899
John Stainton,1,0.014792899
John Stalberg Jr.,1,0.014792899
John Stevenson,1,0.014792899
John Sturges,1,0.014792899
John Swanbeck,1,0.014792899
"John Woo, Takuro Ishizaka",1,0.014792899
Johnny O'Reilly,1,0.014792899
Jon Cassar,1,0.014792899
Jon Poll,1,0.014792899
Jon Purdy,1,0.014792899
Jon Shear,1,0.014792899
Jon Stewart,1,0.014792899
JonÃƒÂ¡s CuarÃƒÂ³n,1,0.014792899
Jonas Ãƒâ€¦kerlund,1,0.014792899
Jonas Alexander Arnby,1,0.014792899
Jonas Elmer,1,0.014792899
Jonas McCord,1,0.014792899
Jonas Pate,1,0.014792899
"Jonathan Baker, Josh Baker",1,0.014792899
Jonathan Darby,1,0.014792899
Jonathan English,1,0.014792899
Jonathan Jakubowicz,1,0.014792899
Jonathan Kesselman,1,0.014792899
Jonathan Lim,1,0.014792899
Jonathan Newman,1,0.014792899
Jong-bin Yoon,1,0.014792899
Jordan Galland,1,0.014792899
Jordan Susman,1,0.014792899
Jordan Vogt-Roberts,1,0.014792899
Jordan Walker-Pearlman,1,0.014792899
"Jorge Blanco, Javier Abad",1,0.014792899
Jorge Dorado,1,0.014792899
Jorge Gaggero,1,0.014792899
Jorge R. GutiÃƒÂ©rrez,1,0.014792899
Jorma Taccone,1,0.014792899
JosÃƒÂ© Luis Valenzuela,1,0.014792899
Josef Rusnak,1,0.014792899
Joseph Gordon-Levitt,1,0.014792899
Joseph Greco,1,0.014792899
Joseph H. Lewis,1,0.014792899
Joseph Kahn,1,0.014792899
Josh Boone,1,0.014792899
Josh Cooley,1,0.014792899
Josh Radnor,1,0.014792899
Josh Schwartz,1,0.014792899
Josh Stolberg,1,0.014792899
Joshua Logan,1,0.014792899
Joshua Marston,1,0.014792899
Joshua Seftel,1,0.014792899
Josie Rourke,1,0.014792899
"Juan Pablo Rebella, Pablo Stoll",1,0.014792899
Juan Solanas,1,0.014792899
Juho Kuosmanen,1,0.014792899
Julia Ducournau,1,0.014792899
Julia Leigh,1,0.014792899
Julian Gilbey,1,0.014792899
Julian Schnabel,1,0.014792899
Julie Bertuccelli,1,0.014792899
Julie Delpy,1,0.014792899
Julie Gavras,1,0.014792899
Julio DePietro,1,0.014792899
Julius Avery,1,0.014792899
Jun Falkenstein,1,0.014792899
Justin Baldoni,1,0.014792899
Justin Barber,1,0.014792899
Justin Dec,1,0.014792899
Justin Kerrigan,1,0.014792899
Justin Tipping,1,0.014792899
Justin Zackham,1,0.014792899
"Juuso Laatio, Jukka Vidgren",1,0.014792899
KÃƒÂ´ji Wakamatsu,1,0.014792899
Karan Johar,1,0.014792899
Karen Moncrieff,1,0.014792899
Karey Kirkpatrick,1,0.014792899
"Karey Kirkpatrick, Jason Reisig",1,0.014792899
Kari Skogland,1,0.014792899
Karim AÃƒÂ¯nouz,1,0.014792899
Karl Markovics,1,0.014792899
Kat Coiro,1,0.014792899
Kate Barker-Froyland,1,0.014792899
"Kate Connor, Michael Worth",1,0.014792899
Kate Montgomery,1,0.014792899
"Kate Mulleavy, Laura Mulleavy",1,0.014792899
Katherine Dieckmann,1,0.014792899
Kathleen Slattery-Moschkau,1,0.014792899
Katja von Garnier,1,0.014792899
Katrin Gebbe,1,0.014792899
Katrina Holden Bronson,1,0.014792899
Katsuhiro Ãƒâ€tomo,1,0.014792899
"Katt Shea, Robert Mandel",1,0.014792899
Kay Cannon,1,0.014792899
Kazuaki Kiriya,1,0.014792899
Keanu Reeves,1,0.014792899
Kees Van Oostrum,1,0.014792899
Keith Bearden,1,0.014792899
"Kelly Asbury, Lorna Cook",1,0.014792899
Kelly Fremon Craig,1,0.014792899
Kelly Makin,1,0.014792899
Ken Annakin,1,0.014792899
Ken Finkleman,1,0.014792899
Ken Shapiro,1,0.014792899
Ken Wiederhorn,1,0.014792899
Kent Alterman,1,0.014792899
Keoni Waxman,1,0.014792899
Kerry Conran,1,0.014792899
Kevin Alyn Elders,1,0.014792899
Kevin Asch,1,0.014792899
Kevin Brodie,1,0.014792899
Kevin Connolly,1,0.014792899
Kevin Connor,1,0.014792899
Kevin Donovan,1,0.014792899
"Kevin Goetz, Michael Goetz",1,0.014792899
"Kevin KÃƒÂ¶lsch, Dennis Widmyer",1,0.014792899
"Kevin Munroe, Jericca Cleland",1,0.014792899
Kevin Tancharoen,1,0.014792899
Kevin Tenney,1,0.014792899
Kevin Williamson,1,0.014792899
Kevin Yagher,1,0.014792899
"Khurram H. Alavi, Ayman Jamal",1,0.014792899
Khyentse Norbu,1,0.014792899
KikÃƒÂ© MaÃƒÂ­llo,1,0.014792899
Kim Farrant,1,0.014792899
Kim Henkel,1,0.014792899
Kim Mordaunt,1,0.014792899
Kim Nguyen,1,0.014792899
Kinji Fukasaku,1,0.014792899
Kinka Usher,1,0.014792899
Kiran Rao,1,0.014792899
Kirk Davis,1,0.014792899
Kirk DeMicco,1,0.014792899
"Kirk DeMicco, Chris Sanders",1,0.014792899
Kirk Wong,1,0.014792899
Kirsten Sheridan,1,0.014792899
Klaus Menzel,1,0.014792899
Klay Hall,1,0.014792899
"Koji Hashimoto, R.J. Kizer",1,0.014792899
KornÃƒÂ©l MundruczÃƒÂ³,1,0.014792899
Kris Isacsson,1,0.014792899
Kristina Buozyte,1,0.014792899
Krutin Patel,1,0.014792899
"Kunihiko Yuyama, Michael Haigney",1,0.014792899
Kyle Patrick Alvarez,1,0.014792899
Lance Hammer,1,0.014792899
Lance Hool,1,0.014792899
Lance Rivera,1,0.014792899
Larry Blamire,1,0.014792899
Larry Clark,1,0.014792899
Larry Fessenden,1,0.014792899
Lars Klevberg,1,0.014792899
"Lasse HallstrÃƒÂ¶m, Joe Johnston",1,0.014792899
"Laurent Boileau, Jung",1,0.014792899
Laurent Tirard,1,0.014792899
Laurie Collyer,1,0.014792899
Lav Diaz,1,0.014792899
Lawrence Sher,1,0.014792899
Lee Friedlander,1,0.014792899
Lee Toland Krieger,1,0.014792899
Lee Unkrich,1,0.014792899
"Lee Unkrich, Adrian Molina",1,0.014792899
Leena Yadav,1,0.014792899
Leigh Janiak,1,0.014792899
Lena Dunham,1,0.014792899
Lena Khan,1,0.014792899
Lenny Abrahamson,1,0.014792899
Leo Zhang,1,0.014792899
"Leonor Caraballo, Matteo Norzi",1,0.014792899
Leslye Headland,1,0.014792899
Levan Gabriadze,1,0.014792899
Lexi Alexander,1,0.014792899
"Li Zhang, Jackie Chan",1,0.014792899
Liam Lynch,1,0.014792899
Liam O'Donnell,1,0.014792899
Liev Schreiber,1,0.014792899
Lin Oeding,1,0.014792899
Lina Esco,1,0.014792899
Linda Yellen,1,0.014792899
"Lindy Heymann, Christian Taylor",1,0.014792899
"Lisa Addario, Joe Syracuse",1,0.014792899
Lisa Cholodenko,1,0.014792899
Lisa Krueger,1,0.014792899
Liz Friedlander,1,0.014792899
Liza Johnson,1,0.014792899
LluÃƒÂ­s QuÃƒÂ­lez,1,0.014792899
Lodge Kerrigan,1,0.014792899
"Lou Adler, Tommy Chong",1,0.014792899
Louis C.K.,1,0.014792899
"Louis Leterrier, Corey Yuen",1,0.014792899
Louis Malle,1,0.014792899
Louis Morneau,1,0.014792899
Louise Archambault,1,0.014792899
LucÃƒÂ­a Puenzo,1,0.014792899
Lucia Aniello,1,0.014792899
Lucky McKee,1,0.014792899
Lucrecia Martel,1,0.014792899
Luis BuÃƒÂ±uel,1,0.014792899
Luis Llosa,1,0.014792899
Luis Valdez,1,0.014792899
Luke Scott,1,0.014792899
Lynn Roth,1,0.014792899
Mads Matthiesen,1,0.014792899
Maggie Carey,1,0.014792899
Maggie Greenwald,1,0.014792899
Mahamat-Saleh Haroun,1,0.014792899
"Malcolm D. Lee, David Zucker",1,0.014792899
Malcolm Venville,1,0.014792899
Malgorzata Szumowska,1,0.014792899
"Mamoru Hosoda, Shigeyasu Yamauchi",1,0.014792899
Mandie Fletcher,1,0.014792899
Manuel Carballo,1,0.014792899
Manuel MartÃƒÂ­n Cuenca,1,0.014792899
MarÃƒÂ­a LidÃƒÂ³n,1,0.014792899
"Marc Caro, Jean-Pierre Jeunet",1,0.014792899
Marc Evans,1,0.014792899
"Marc F. Adler, Jason Maurer",1,0.014792899
Marc Fienberg,1,0.014792899
Marc Forby,1,0.014792899
Marc Fusco,1,0.014792899
Marc SchÃƒÂ¶lermann,1,0.014792899
Marcel Langenegger,1,0.014792899
Marcelo Martinessi,1,0.014792899
Marcelo PiÃƒÂ±eyro,1,0.014792899
Marco Schnabel,1,0.014792899
Marcos Bernstein,1,0.014792899
Marcus Raboy,1,0.014792899
Marek Kanievska,1,0.014792899
Marek Najbrt,1,0.014792899
Maren Ade,1,0.014792899
Marina de Van,1,0.014792899
Marius A. Markevicius,1,0.014792899
Mark A.Z. DippÃƒÂ©,1,0.014792899
"Mark Andrews, Brenda Chapman",1,0.014792899
Mark Bamford,1,0.014792899
"Mark Burton, Richard Starzak",1,0.014792899
Mark Christopher,1,0.014792899
"Mark DiSalle, David Worth",1,0.014792899
Mark Dornford-May,1,0.014792899
Mark Fergus,1,0.014792899
Mark Helfrich,1,0.014792899
Mark Herman,1,0.014792899
Mark Illsley,1,0.014792899
Mark Neveldine,1,0.014792899
Mark Osborne,1,0.014792899
"Mark Osborne, John Stevenson",1,0.014792899
Mark Palansky,1,0.014792899
Mark Pavia,1,0.014792899
Mark Piznarski,1,0.014792899
Mark Robson,1,0.014792899
Mark Rydell,1,0.014792899
Mark Tarlov,1,0.014792899
Mark Tonderai,1,0.014792899
Mark Webber,1,0.014792899
Mark Young,1,0.014792899
Marshall Brickman,1,0.014792899
Marshall Lewy,1,0.014792899
Martha Fiennes,1,0.014792899
Martin Curland,1,0.014792899
Martin Gero,1,0.014792899
Martin Owen,1,0.014792899
Martin Provost,1,0.014792899
Martin Weisz,1,0.014792899
Mary Harron,1,0.014792899
Mary McGuckian,1,0.014792899
Maryam Keshavarz,1,0.014792899
Marzieh Makhmalbaf,1,0.014792899
Masayuki Ochiai,1,0.014792899
Mat Whitecross,1,0.014792899
MatÃƒÂ­as PiÃƒÂ±eiro,1,0.014792899
Mathew Cullen,1,0.014792899
Matt Brown,1,0.014792899
Matt Dillon,1,0.014792899
Matt Hullum,1,0.014792899
Matt Johnson,1,0.014792899
"Matt Maiellaro, Dave Willis",1,0.014792899
Matt Piedmont,1,0.014792899
Matt Shakman,1,0.014792899
Matt Williams,1,0.014792899
Matteo Garrone,1,0.014792899
Matthew Chapman,1,0.014792899
Matthew Cole Weiss,1,0.014792899
Matthew Dean Russell,1,0.014792899
Matthew Diamond,1,0.014792899
Matthew Lillard,1,0.014792899
Matthew O'Callaghan,1,0.014792899
Matthew Robbins,1,0.014792899
Matthew Warchus,1,0.014792899
Matthijs van Heijningen Jr.,1,0.014792899
Max Adams,1,0.014792899
Max Joseph,1,0.014792899
Maxim Korostyshevsky,1,0.014792899
Maya Forbes,1,0.014792899
Meiert Avis,1,0.014792899
Mel Stuart,1,0.014792899
Melanie Mayron,1,0.014792899
Melissa Martin,1,0.014792899
Mennan Yapo,1,0.014792899
"Merian C. Cooper, Ernest B. Schoedsack",1,0.014792899
Mic Rodgers,1,0.014792899
"Michael Apted, Curtis Hanson",1,0.014792899
Michael Arias,1,0.014792899
Michael Brandt,1,0.014792899
Michael Burke,1,0.014792899
Michael Cacoyannis,1,0.014792899
Michael Caleo,1,0.014792899
Michael Carney,1,0.014792899
Michael Chapman,1,0.014792899
Michael Chaves,1,0.014792899
Michael Clancy,1,0.014792899
Michael Crichton,1,0.014792899
Michael Cristofer,1,0.014792899
Michael Curtiz,1,0.014792899
Michael D. Sellers,1,0.014792899
Michael Davis,1,0.014792899
Michael Dinner,1,0.014792899
Michael Engler,1,0.014792899
Michael Gornick,1,0.014792899
Michael Gracey,1,0.014792899
"Michael Haigney, Kunihiko Yuyama",1,0.014792899
Michael Kalesniko,1,0.014792899
Michael Keaton,1,0.014792899
Michael Mailer,1,0.014792899
Michael Matthews,1,0.014792899
Michael McCullers,1,0.014792899
Michael McGowan,1,0.014792899
Michael Melski,1,0.014792899
Michael Miller,1,0.014792899
Michael O. Sajbel,1,0.014792899
Michael Patrick Jann,1,0.014792899
Michael Pressman,1,0.014792899
"Michael Radford, Massimo Troisi",1,0.014792899
Michael Roemer,1,0.014792899
Michael S. Ojeda,1,0.014792899
Michael Schultz,1,0.014792899
Michael Wadleigh,1,0.014792899
Michael Walker,1,0.014792899
Michel Leclerc,1,0.014792899
Michele Placido,1,0.014792899
Michelle Danner,1,0.014792899
Michelle Schumacher,1,0.014792899
Mick Davis,1,0.014792899
Mickey Liddell,1,0.014792899
Miguel ÃƒÂngel Vivas,1,0.014792899
Miguel Sapochnik,1,0.014792899
Mika KaurismÃƒÂ¤ki,1,0.014792899
Mikael Salomon,1,0.014792899
Mike Akel,1,0.014792899
Mike Barker,1,0.014792899
Mike Bigelow,1,0.014792899
"Mike Birbiglia, Seth Barrish",1,0.014792899
Mike Clattenburg,1,0.014792899
"Mike Gabriel, Eric Goldberg",1,0.014792899
Mike Hodges,1,0.014792899
"Mike Judge, Mike de Seve",1,0.014792899
Mike Marvin,1,0.014792899
"Mike McCoy, Scott Waugh",1,0.014792899
"Mike Mitchell, Walt Dohrn",1,0.014792899
Mike Nawrocki,1,0.014792899
"Mike Nawrocki, Phil Vischer",1,0.014792899
"Mike Thurmeier, Galen T. Chu",1,0.014792899
Mikkel NÃƒÂ¸rgaard,1,0.014792899
Mitch Davis,1,0.014792899
Mitch Glazer,1,0.014792899
Mona Fastvold,1,0.014792899
Monty Lapica,1,0.014792899
Moon-saeng Kim,1,0.014792899
Morgan Freeman,1,0.014792899
Mort Nathan,1,0.014792899
Mukunda Michael Dewil,1,0.014792899
Muye Wen,1,0.014792899
Myles Berkowitz,1,0.014792899
Nabil Ayouch,1,0.014792899
Nacho CerdÃƒÂ ,1,0.014792899
Nadia Tass,1,0.014792899
Nanette Burstein,1,0.014792899
"Nat Faxon, Jim Rash",1,0.014792899
Natalie Portman,1,0.014792899
Nate Parker,1,0.014792899
"Nathan Greno, Byron Howard",1,0.014792899
Nathan Morlando,1,0.014792899
Neal Brennan,1,0.014792899
Ned Benson,1,0.014792899
Neema Barnette,1,0.014792899
"Neill Dela Llana, Ian Gamazon",1,0.014792899
Neten Chokling,1,0.014792899
Newt Arnold,1,0.014792899
Newton I. Aduaka,1,0.014792899
Nia Vardalos,1,0.014792899
Niall Johnson,1,0.014792899
Nicholas Fackler,1,0.014792899
Nicholas Jarecki,1,0.014792899
Nicholas Racz,1,0.014792899
Nicholas Ray,1,0.014792899
"Nicholas Stoller, Doug Sweetland",1,0.014792899
Nick Castle,1,0.014792899
Nick Gomez,1,0.014792899
Nick Guthe,1,0.014792899
Nick Hamm,1,0.014792899
Nick Hurran,1,0.014792899
Nick Murphy,1,0.014792899
Nick Park,1,0.014792899
"Nick Powell, Nick Powell",1,0.014792899
Nick Tomnay,1,0.014792899
Nick Willing,1,0.014792899
Nickolas Perry,1,0.014792899
NicolÃƒÂ¡s LÃƒÂ³pez,1,0.014792899
Nicolai Fuglsig,1,0.014792899
Nicolas Klotz,1,0.014792899
Nicole Bettauer,1,0.014792899
Nicole Garcia,1,0.014792899
Nikita Mikhalkov,1,0.014792899
Nikkhil Advani,1,0.014792899
Nikolaj Arcel,1,0.014792899
Nisha Ganatra,1,0.014792899
Nnegest LikkÃƒÂ©,1,0.014792899
Noam Murro,1,0.014792899
Noel Black,1,0.014792899
Noel Marshall,1,0.014792899
Noel Nosseck,1,0.014792899
"Norman Ferguson, T. Hee",1,0.014792899
"Ola Simonsson, Johannes StjÃƒÂ¤rne Nilsson",1,0.014792899
Olaf de Fleur Johannesson,1,0.014792899
Olatunde Osunsanmi,1,0.014792899
Ole Bornedal,1,0.014792899
Oliver Daly,1,0.014792899
"Oliver Hirschbiegel, James McTeigue",1,0.014792899
"Oliver Parker, Barnaby Thompson",1,0.014792899
Olivia Wilde,1,0.014792899
"Olivier Assayas, FrÃƒÂ©dÃƒÂ©ric Auburtin",1,0.014792899
Olly Blackburn,1,0.014792899
Omid Nooshin,1,0.014792899
Onur Tukel,1,0.014792899
Oren Rudavsky,1,0.014792899
Otto Bathurst,1,0.014792899
Owen Egerton,1,0.014792899
P.J. Posner,1,0.014792899
Pablo Berger,1,0.014792899
Pablo LarraÃƒÂ­n,1,0.014792899
Paco Plaza,1,0.014792899
Panos H. Koutras,1,0.014792899
"Pascal Arnold, Jean-Marc Barr",1,0.014792899
Pascal Laugier,1,0.014792899
Pascale Ferran,1,0.014792899
Pasha Patriki,1,0.014792899
Pat Collins,1,0.014792899
Pat O'Connor,1,0.014792899
Patricia Birch,1,0.014792899
Patricia Cardoso,1,0.014792899
Patricia Rozema,1,0.014792899
Patrick Alessandrin,1,0.014792899
"Patrick Gilmore, Tim Johnson",1,0.014792899
"Patrick Imbert, Benjamin Renner",1,0.014792899
Patrick Stettner,1,0.014792899
Patrick Tatopoulos,1,0.014792899
Paul Abascal,1,0.014792899
Paul Andrew Williams,1,0.014792899
"Paul Auster, Wayne Wang",1,0.014792899
"Paul Bolger, Yvette Kaplan",1,0.014792899
Paul Brickman,1,0.014792899
Paul Dinello,1,0.014792899
Paul Hunter,1,0.014792899
Paul Johansson,1,0.014792899
Paul Lynch,1,0.014792899
Paul Morrison,1,0.014792899
Paul Solet,1,0.014792899
"Paul Tibbitt, Mike Mitchell",1,0.014792899
"Paul Weitz, Chris Weitz",1,0.014792899
Pauline Chan,1,0.014792899
Pavel Lungin,1,0.014792899
Pedro Costa,1,0.014792899
"Pedro Rivero, Alberto VÃƒÂ¡zquez",1,0.014792899
Pere Portabella,1,0.014792899
Perry Andelin Blake,1,0.014792899
"Pete Docter, Bob Peterson",1,0.014792899
"Pete Docter, David Silverman",1,0.014792899
"Pete Docter, Ronnie Del Carmen",1,0.014792899
Pete Jones,1,0.014792899
"Peter Askin, Douglas McGrath",1,0.014792899
Peter Atencio,1,0.014792899
Peter Bonerz,1,0.014792899
Peter Bratt,1,0.014792899
"Peter Brosens, Jessica Woodworth",1,0.014792899
Peter Care,1,0.014792899
Peter Collinson,1,0.014792899
Peter Cornwell,1,0.014792899
Peter Cousens,1,0.014792899
Peter Faiman,1,0.014792899
Peter Farrelly,1,0.014792899
"Peter Farrelly, Bobby Farrelly",1,0.014792899
Peter Glenville,1,0.014792899
Peter Greenaway,1,0.014792899
Peter Hastings,1,0.014792899
"Peter Ho-Sun Chan, Wai Man Yip",1,0.014792899
Peter Kassovitz,1,0.014792899
Peter Kosminsky,1,0.014792899
Peter Lepeniotis,1,0.014792899
"Peter Lord, Jeff Newitt",1,0.014792899
"Peter Lord, Nick Park",1,0.014792899
Peter M. Cohen,1,0.014792899
Peter MacDonald,1,0.014792899
Peter O'Fallon,1,0.014792899
Peter Paige,1,0.014792899
Peter R. Hunt,1,0.014792899
Peter Ramsey,1,0.014792899
Peter Sattler,1,0.014792899
Peter Sohn,1,0.014792899
Peter Stebbings,1,0.014792899
Peter Strickland,1,0.014792899
Phil Alden Robinson,1,0.014792899
"Phil Johnston, Rich Moore",1,0.014792899
Phil Morrison,1,0.014792899
Phil Traill,1,0.014792899
Philip G. Atwell,1,0.014792899
Philip Haas,1,0.014792899
Philip Martin,1,0.014792899
Philip Ridley,1,0.014792899
Philip Saville,1,0.014792899
Philip Zlotorynski,1,0.014792899
Philippe Falardeau,1,0.014792899
Philippe Le Guay,1,0.014792899
Philippe Lesage,1,0.014792899
Piero Messina,1,0.014792899
Pierre Salvadori,1,0.014792899
Pieter Kramer,1,0.014792899
Pietro Marcello,1,0.014792899
Ping He,1,0.014792899
Pitof,1,0.014792899
Piyush Dinker Pandya,1,0.014792899
Quentin Lee,1,0.014792899
R. Balki,1,0.014792899
R.J. Cutler,1,0.014792899
"RaÃƒÂºl de la Fuente, Damian Nenow",1,0.014792899
Rachel Perkins,1,0.014792899
Rachel Samuels,1,0.014792899
Radu Jude,1,0.014792899
Radu Muntean,1,0.014792899
RÃƒÂ©gis Roinsard,1,0.014792899
RÃƒÂ©gis Wargnier,1,0.014792899
RÃƒÂ©mi ChayÃƒÂ©,1,0.014792899
Rafal Zielinski,1,0.014792899
Rafi Pitts,1,0.014792899
Ragnar Bragason,1,0.014792899
Rainer Sarnet,1,0.014792899
Raj Amit Kumar,1,0.014792899
Rajkumar Hirani,1,0.014792899
Rakesh Roshan,1,0.014792899
Ralph Bakshi,1,0.014792899
"Ralph Bakshi, Tom Tataranowicz",1,0.014792899
Ralph S. Singleton,1,0.014792899
Ralph Ziman,1,0.014792899
Ramaa Mosley,1,0.014792899
RamÃƒÂ³n Salazar,1,0.014792899
Ramin Bahrani,1,0.014792899
Rand Ravich,1,0.014792899
Randa Haines,1,0.014792899
Raoul Peck,1,0.014792899
Raoul Ruiz,1,0.014792899
Ravi Kumar,1,0.014792899
"Ray Ashley, Morris Engel",1,0.014792899
Ray Lawrence,1,0.014792899
Ray Yeung,1,0.014792899
Raymond De Felitta,1,0.014792899
Reema Kagti,1,0.014792899
Reggie Rock Bythewood,1,0.014792899
RenÃƒÂ© FÃƒÂ©ret,1,0.014792899
Reverge Anselmo,1,0.014792899
Ricardo de Montreuil,1,0.014792899
Rich Christiano,1,0.014792899
Rich Cowan,1,0.014792899
Rich Moore,1,0.014792899
Richard Billingham,1,0.014792899
Richard C. Sarafian,1,0.014792899
Richard E. Grant,1,0.014792899
Richard J. Lewis,1,0.014792899
Richard Janes,1,0.014792899
Richard Kwietniowski,1,0.014792899
Richard Lanni,1,0.014792899
"Richard Lester, Richard Donner",1,0.014792899
Richard Levine,1,0.014792899
Richard Marquand,1,0.014792899
Richard Raymond,1,0.014792899
Richard Rich,1,0.014792899
Richard Tanne,1,0.014792899
Richie Keen,1,0.014792899
Rick Friedberg,1,0.014792899
"Rick Moranis, Dave Thomas",1,0.014792899
"Ricky Gervais, Matthew Robinson",1,0.014792899
Rik Swartzwelder,1,0.014792899
Ringo Lam,1,0.014792899
"Ringo Lam, Hark Tsui",1,0.014792899
Rintaro,1,0.014792899
Risa Bramon Garcia,1,0.014792899
Ritesh Batra,1,0.014792899
"Ritu Sarin, Tenzing Sonam",1,0.014792899
"Rob Epstein, Jeffrey Friedman",1,0.014792899
Rob Greenberg,1,0.014792899
Rob Hardy,1,0.014792899
Rob Hedden,1,0.014792899
"Rob Letterman, Conrad Vernon",1,0.014792899
Rob McKittrick,1,0.014792899
Rob Pritts,1,0.014792899
Rob Schmidt,1,0.014792899
Rob Thomas,1,0.014792899
Robert Adetuyi,1,0.014792899
Robert B. Weide,1,0.014792899
Robert Ben Garant,1,0.014792899
"Robert Ben Garant, Thomas Lennon",1,0.014792899
Robert Bierman,1,0.014792899
Robert Budreau,1,0.014792899
"Robert C. Ramirez, Steve Trenbirth",1,0.014792899
Robert Cary,1,0.014792899
Robert Celestino,1,0.014792899
Robert Clouse,1,0.014792899
Robert Duvall,1,0.014792899
Robert Edwards,1,0.014792899
Robert Greenwald,1,0.014792899
Robert GuÃƒÂ©diguian,1,0.014792899
Robert Kaylor,1,0.014792899
Robert Lee King,1,0.014792899
Robert Lepage,1,0.014792899
Robert Lieberman,1,0.014792899
Robert Lorenz,1,0.014792899
Robert M. Young,1,0.014792899
Robert Marcarelli,1,0.014792899
Robert Mulligan,1,0.014792899
Robert Parigi,1,0.014792899
Robert Resnikoff,1,0.014792899
"Robert Rodriguez, Eli Roth",1,0.014792899
Robert Stevenson,1,0.014792899
Robert Stromberg,1,0.014792899
Robert Townsend,1,0.014792899
Robert Vince,1,0.014792899
Robert Young,1,0.014792899
Roberto AndÃƒÂ²,1,0.014792899
Roberto BusÃƒÂ³-GarcÃƒÂ­a,1,0.014792899
Roberto Faenza,1,0.014792899
Roberts Gannaway,1,0.014792899
Robin Bissell,1,0.014792899
"Robin Budd, Donovan Cook",1,0.014792899
Robin Campillo,1,0.014792899
Robin Hardy,1,0.014792899
Robin Pront,1,0.014792899
Rocky Powell,1,0.014792899
Rod Amateau,1,0.014792899
Rod Daniel,1,0.014792899
Rod Hardy,1,0.014792899
Rodman Flender,1,0.014792899
"Roger Allers, GaÃƒÂ«tan Brizzi",1,0.014792899
"Roger Allers, Jill Culton",1,0.014792899
"Roger Allers, Rob Minkoff",1,0.014792899
Roger Christian,1,0.014792899
Roger Gual,1,0.014792899
Roland Suso Richter,1,0.014792899
Rolf de Heer,1,0.014792899
"Rolf de Heer, Peter Djigirr",1,0.014792899
Rolfe Kanefsky,1,0.014792899
Roman Coppola,1,0.014792899
"Ron Clements, Burny Mattinson",1,0.014792899
Ron Krauss,1,0.014792899
Ronald Neame,1,0.014792899
Rose Bosch,1,0.014792899
Rosemary Myers,1,0.014792899
Rosser Goodman,1,0.014792899
Roxann Dawson,1,0.014792899
Roy Finch,1,0.014792899
Ruairi Robinson,1,0.014792899
Ruba Nadda,1,0.014792899
"Ruben Amar, Lola Bessis",1,0.014792899
Russell Crowe,1,0.014792899
Ryan Fleck,1,0.014792899
Ryan Gosling,1,0.014792899
Ryan Little,1,0.014792899
Ryan Phillippe,1,0.014792899
Ryan Piers Williams,1,0.014792899
RZA,1,0.014792899
S.R. Bindler,1,0.014792899
Sacha Gervasi,1,0.014792899
Sally Field,1,0.014792899
Salvador SimÃƒÂ³,1,0.014792899
"Sam Fell, Robert Stevenhagen",1,0.014792899
Sam Garbarski,1,0.014792899
Sam Miller,1,0.014792899
Sam Taylor-Johnson,1,0.014792899
Sameh Zoabi,1,0.014792899
"Samuel Armstrong, Norman Ferguson",1,0.014792899
Samuel Bayer,1,0.014792899
Samuel Fuller,1,0.014792899
Sanaa Hamri,1,0.014792899
Sandra Nettelbeck,1,0.014792899
Sang-ho Yeon,1,0.014792899
Sanjay Gupta,1,0.014792899
Santosh Sivan,1,0.014792899
Sara Sugarman,1,0.014792899
Sarah Gavron,1,0.014792899
Sarah Polley,1,0.014792899
"Sarah Smith, Barry Cook",1,0.014792899
Sarik Andreasyan,1,0.014792899
Sasha Gordon,1,0.014792899
"Scandar Copti, Yaron Shani",1,0.014792899
Scot Armstrong,1,0.014792899
"Scott Alexander, Larry Karaszewski",1,0.014792899
"Scott Beck, Bryan Woods",1,0.014792899
Scott Coffey,1,0.014792899
Scott Kalvert,1,0.014792899
Scott Sanders,1,0.014792899
Scott Silver,1,0.014792899
Scott Storm,1,0.014792899
Scott Walker,1,0.014792899
Scott Waugh,1,0.014792899
Sean Ellis,1,0.014792899
SebastiÃƒÂ¡n Lelio,1,0.014792899
SebastiÃƒÂ¡n Silva,1,0.014792899
Sebastian del Amo,1,0.014792899
Semih Kaplanoglu,1,0.014792899
"Sergei Bodrov, Ivan Passer",1,0.014792899
Sergei Dvortsevoy,1,0.014792899
Sergey Loznitsa,1,0.014792899
Sergio Arau,1,0.014792899
Sergio Castellitto,1,0.014792899
Sergio G. SÃƒÂ¡nchez,1,0.014792899
Seth Grossman,1,0.014792899
Seth Kearsley,1,0.014792899
Seung-wan Ryoo,1,0.014792899
Shane Acker,1,0.014792899
Shane Dawson,1,0.014792899
Shawn Seet,1,0.014792899
Sheldon Candis,1,0.014792899
Sheldon Lettich,1,0.014792899
Sheng Ding,1,0.014792899
Sheree Folkson,1,0.014792899
Sherman Alexie,1,0.014792899
Shintaro Shimosawa,1,0.014792899
"Shira Geffen, Etgar Keret",1,0.014792899
Shirish Kunder,1,0.014792899
"Shuki Levy, David Winning",1,0.014792899
Si-myung Lee,1,0.014792899
Siddharth Anand,1,0.014792899
Siddiq Barmak,1,0.014792899
Siddique,1,0.014792899
Silvio Soldini,1,0.014792899
Simeon Rice,1,0.014792899
Simon Brand,1,0.014792899
"Simon J. Smith, Steve Hickner",1,0.014792899
Simon Kaijser,1,0.014792899
Simon Kinberg,1,0.014792899
Simon Verhoeven,1,0.014792899
Sngmoo Lee,1,0.014792899
So Yong Kim,1,0.014792899
Soi Cheang,1,0.014792899
Sol Tryon,1,0.014792899
Spencer Susser,1,0.014792899
Stacy Title,1,0.014792899
"StÃƒÂ©phane Aubier, Vincent Patar",1,0.014792899
"StÃƒÂ©phane Berla, Mathias Malzieu",1,0.014792899
StÃƒÂ©phane BrizÃƒÂ©,1,0.014792899
StÃƒÂ©phane Rybojad,1,0.014792899
"StÃƒÂ©phanie Chuat, VÃƒÂ©ronique Reymond",1,0.014792899
Stan Dragoti,1,0.014792899
Stan Lathan,1,0.014792899
Stan Winston,1,0.014792899
"Stanley Donen, Gene Kelly",1,0.014792899
"Stanley Donen, John Barry",1,0.014792899
Stanley Tucci,1,0.014792899
Stefan Schwartz,1,0.014792899
Stefano Sollima,1,0.014792899
Stefen Fangmeier,1,0.014792899
Stella Meghie,1,0.014792899
Stephan Elliott,1,0.014792899
Stephan Rick,1,0.014792899
Stephen Carpenter,1,0.014792899
Stephen Elliott,1,0.014792899
Stephen Fung,1,0.014792899
"Stephen Hillenburg, Mark Osborne",1,0.014792899
Stephen J. Anderson,1,0.014792899
"Stephen J. Anderson, Don Hall",1,0.014792899
Stephen Kessler,1,0.014792899
Stephen King,1,0.014792899
Stephen Merchant,1,0.014792899
Stephen Surjik,1,0.014792899
Stephen Susco,1,0.014792899
Stevan Mena,1,0.014792899
Steve 'Spaz' Williams,1,0.014792899
Steve Antin,1,0.014792899
Steve Barron,1,0.014792899
Steve Bendelack,1,0.014792899
"Steve Box, Nick Park",1,0.014792899
Steve Boyum,1,0.014792899
Steve Carver,1,0.014792899
Steve Conrad,1,0.014792899
Steve Gordon,1,0.014792899
Steve Guttenberg,1,0.014792899
Steve Jacobs,1,0.014792899
Steve James,1,0.014792899
Steve Kloves,1,0.014792899
Steve Martino,1,0.014792899
"Steve Martino, Mike Thurmeier",1,0.014792899
Steve Race,1,0.014792899
Steve Shill,1,0.014792899
Steve Stockman,1,0.014792899
Steve Trenbirth,1,0.014792899
Steven Bernstein,1,0.014792899
Steven Caple Jr.,1,0.014792899
Steven Lisberger,1,0.014792899
Steven R. Monroe,1,0.014792899
Steven S. DeKnight,1,0.014792899
Steven Seagal,1,0.014792899
Stewart Raffill,1,0.014792899
Stewart Wade,1,0.014792899
"Stig Bergqvist, Paul Demeyer",1,0.014792899
Stiles White,1,0.014792899
Stuart Gillard,1,0.014792899
Stuart Hazeldine,1,0.014792899
Stuart Murdoch,1,0.014792899
Stuart Townsend,1,0.014792899
Stuart Urban,1,0.014792899
Sue Brooks,1,0.014792899
Susan Montford,1,0.014792899
Susan Stroman,1,0.014792899
Susanna Fogel,1,0.014792899
Susanna White,1,0.014792899
Susannah Grant,1,0.014792899
Sven Pape,1,0.014792899
Sylvie Verheyde,1,0.014792899
T. Sean Shannon,1,0.014792899
Taika Waititi,1,0.014792899
Takao Okawara,1,0.014792899
Takeshi Kitano,1,0.014792899
Tamara Jenkins,1,0.014792899
Tao Ruspoli,1,0.014792899
Tareque Masud,1,0.014792899
Tatsuya Nagamine,1,0.014792899
Taylor Sheridan,1,0.014792899
Te-Sheng Wei,1,0.014792899
Ted Koland,1,0.014792899
Teddy Chan,1,0.014792899
Teemu Nikki,1,0.014792899
Tennyson Bardwell,1,0.014792899
"Terry Gilliam, Terry Jones",1,0.014792899
Terry Green,1,0.014792899
Terry Jones,1,0.014792899
Thaddeus O'Sullivan,1,0.014792899
Thea Sharrock,1,0.014792899
Theo Avgerinos,1,0.014792899
Thierry Binisti,1,0.014792899
Thom Eberhardt,1,0.014792899
Thom Fitzgerald,1,0.014792899
Thomas J. Wright,1,0.014792899
Thomas K. Avildsen,1,0.014792899
"Thurop Van Orman, John Rice",1,0.014792899
Tibor TakÃƒÂ¡cs,1,0.014792899
"Tim Burton, Mike Johnson",1,0.014792899
Tim Chambers,1,0.014792899
Tim Fywell,1,0.014792899
Tim Garrick,1,0.014792899
"Tim Heidecker, Eric Wareheim",1,0.014792899
Tim Hunter,1,0.014792899
Tim Johnson,1,0.014792899
"Tim Johnson, Karey Kirkpatrick",1,0.014792899
Tim Kirkby,1,0.014792899
Tim Kirkman,1,0.014792899
Tim McCanlies,1,0.014792899
Timothy BjÃƒÂ¶rklund,1,0.014792899
Timothy Reckart,1,0.014792899
Tod Browning,1,0.014792899
Todd Berger,1,0.014792899
Todd Lincoln,1,0.014792899
Todd Louiso,1,0.014792899
Todd Stephens,1,0.014792899
Tom Elkins,1,0.014792899
Tom Gilroy,1,0.014792899
Tom Gormican,1,0.014792899
Tom Green,1,0.014792899
Tom Harper,1,0.014792899
Tom Kalin,1,0.014792899
Tom Mankiewicz,1,0.014792899
Tom McLoughlin,1,0.014792899
Tom Savini,1,0.014792899
Tom Schulman,1,0.014792899
Tom Six,1,0.014792899
"Tom Tykwer, Lana Wachowski",1,0.014792899
Tomm Moore,1,0.014792899
"Tomm Moore, Nora Twomey",1,0.014792899
Tommy Lee Wallace,1,0.014792899
Tommy Stovall,1,0.014792899
Tommy Wiseau,1,0.014792899
"Tono Errando, Javier Mariscal",1,0.014792899
"Tony Bancroft, Barry Cook",1,0.014792899
Tony Bill,1,0.014792899
Tony Kaye,1,0.014792899
Tony Krantz,1,0.014792899
Tony Piccirillo,1,0.014792899
Tony Randel,1,0.014792899
Tony Richardson,1,0.014792899
Tony Vitale,1,0.014792899
"Travis Cluff, Chris Lofing",1,0.014792899
Trent Cooper,1,0.014792899
Trevor Wall,1,0.014792899
Trey Edward Shults,1,0.014792899
Trish Doolan,1,0.014792899
Troy Miller,1,0.014792899
Troy Nixey,1,0.014792899
"Trygve Allister Diesen, Lucky McKee",1,0.014792899
Tuck Tucker,1,0.014792899
Tung-Shing Yee,1,0.014792899
Udayan Prasad,1,0.014792899
Ulrich Seidl,1,0.014792899
"Ulu Grosbard, Dustin Hoffman",1,0.014792899
Vadim Glowna,1,0.014792899
VÃƒÂ­ctor GarcÃƒÂ­a,1,0.014792899
"Val Guest, Ken Hughes",1,0.014792899
Valeria Golino,1,0.014792899
Valeriy Todorovskiy,1,0.014792899
Valeska Grisebach,1,0.014792899
Vera Farmiga,1,0.014792899
Vic Armstrong,1,0.014792899
Vicente Amorim,1,0.014792899
"Vicente Amorim, Guillermo Arriaga",1,0.014792899
Vicente Aranda,1,0.014792899
Vicky Jenson,1,0.014792899
Victor Ginzburg,1,0.014792899
Victor Nunez,1,0.014792899
Vidhu Vinod Chopra,1,0.014792899
Vince Di Meglio,1,0.014792899
Vincent Bal,1,0.014792899
Vincent D'Onofrio,1,0.014792899
"Vincent Kesteloot, Ben Stassen",1,0.014792899
Vincent McEveety,1,0.014792899
Vincent Ward,1,0.014792899
Vondie Curtis-Hall,1,0.014792899
Wallace Wolodarsky,1,0.014792899
Wally Pfister,1,0.014792899
Walter Murch,1,0.014792899
Warren P. Sonoda,1,0.014792899
Wayne Beach,1,0.014792899
Wayne Blair,1,0.014792899
Wen Jiang,1,0.014792899
Wil Shriner,1,0.014792899
"Will Finn, Daniel St. Pierre",1,0.014792899
"Will Finn, John Sanford",1,0.014792899
William Bindley,1,0.014792899
"William Cottrell, David Hand",1,0.014792899
William Eubank,1,0.014792899
William H. Macy,1,0.014792899
William Lustig,1,0.014792899
William McGregor,1,0.014792899
William Monahan,1,0.014792899
William Oldroyd,1,0.014792899
William Riead,1,0.014792899
William Shatner,1,0.014792899
Wolfgang Becker,1,0.014792899
WooSuk Yang,1,0.014792899
Wuershan,1,0.014792899
Wych Kaosayananda,1,0.014792899
Xavier Beauvois,1,0.014792899
Xavier Giannoli,1,0.014792899
"Xavier Picard, Hanna HemilÃƒÂ¤",1,0.014792899
Xiaogang Feng,1,0.014792899
YÃƒÂ´ji Yamada,1,0.014792899
Yam Laranas,1,0.014792899
Yann Demange,1,0.014792899
"Yarrow Cheney, Scott Mosier",1,0.014792899
Yash Chopra,1,0.014792899
Ye Lou,1,0.014792899
Yilmaz Arslan,1,0.014792899
Yoav Factor,1,0.014792899
"Youssef Delara, Michael D. Olmos",1,0.014792899
Yusry Abd Halim,1,0.014792899
"Zach Cregger, Trevor Moore",1,0.014792899
Zach Helm,1,0.014792899
Zacharias Kunuk,1,0.014792899
Zachary Donohue,1,0.014792899
Zak Hilditch,1,0.014792899
Zak Knutson,1,0.014792899
Zal Batmanglij,1,0.014792899
Zara Hayes,1,0.014792899
Zaza Urushadze,1,0.014792899
Zelda Barron,1,0.014792899
Ziad Doueiri,1,0.014792899
Zoe R. Cassavetes,1,0.014792899
